"ae","dataset","camera_path","camera_step","pos_x","pos_y","view_x","view_y"
"1","vdb-volume","spiral-zoom","0","0.348631","-0.750951","-0.024563","0.054582"
"1","vdb-volume","spiral-zoom","1","0.352859","-0.750951","-0.024825","0.054485"
"1","vdb-volume","spiral-zoom","2","0.357071","-0.75091","-0.025085","0.054387"
"1","vdb-volume","spiral-zoom","3","0.36127","-0.750845","-0.025343","0.054289"
"1","vdb-volume","spiral-zoom","4","0.365453","-0.750745","-0.0256","0.054189"
"1","vdb-volume","spiral-zoom","5","0.36962","-0.750609","-0.025856","0.054088"
"1","vdb-volume","spiral-zoom","6","0.373771","-0.750438","-0.02611","0.053986"
"1","vdb-volume","spiral-zoom","7","0.377909","-0.750237","-0.026362","0.053883"
"1","vdb-volume","spiral-zoom","8","0.382031","-0.750005","-0.026614","0.053779"
"1","vdb-volume","spiral-zoom","9","0.386137","-0.749737","-0.026863","0.053674"
"1","vdb-volume","spiral-zoom","10","0.390229","-0.74944","-0.027112","0.053569"
"1","vdb-volume","spiral-zoom","11","0.394304","-0.749105","-0.027358","0.053462"
"1","vdb-volume","spiral-zoom","12","0.398364","-0.748741","-0.027604","0.053354"
"1","vdb-volume","spiral-zoom","13","0.402408","-0.74834","-0.027848","0.053246"
"1","vdb-volume","spiral-zoom","14","0.406436","-0.747908","-0.028091","0.053136"
"1","vdb-volume","spiral-zoom","15","0.410449","-0.747445","-0.028332","0.053026"
"1","vdb-volume","spiral-zoom","16","0.414445","-0.746946","-0.028573","0.052915"
"1","vdb-volume","spiral-zoom","17","0.418425","-0.746415","-0.028811","0.052803"
"1","vdb-volume","spiral-zoom","18","0.422389","-0.745854","-0.029049","0.052689"
"1","vdb-volume","spiral-zoom","19","0.426337","-0.745255","-0.029285","0.052575"
"1","vdb-volume","spiral-zoom","20","0.430268","-0.744625","-0.02952","0.052461"
"1","vdb-volume","spiral-zoom","21","0.434182","-0.743958","-0.029754","0.052345"
"1","vdb-volume","spiral-zoom","22","0.438082","-0.743265","-0.029987","0.052228"
"1","vdb-volume","spiral-zoom","23","0.441963","-0.742534","-0.030219","0.052111"
"1","vdb-volume","spiral-zoom","24","0.445828","-0.741771","-0.030449","0.051992"
"1","vdb-volume","spiral-zoom","25","0.449677","-0.740977","-0.030678","0.051873"
"1","vdb-volume","spiral-zoom","26","0.45351","-0.740151","-0.030906","0.051753"
"1","vdb-volume","spiral-zoom","27","0.457324","-0.739287","-0.031133","0.051632"
"1","vdb-volume","spiral-zoom","28","0.461121","-0.73839","-0.031358","0.05151"
"1","vdb-volume","spiral-zoom","29","0.464903","-0.737467","-0.031583","0.051387"
"1","vdb-volume","spiral-zoom","30","0.468666","-0.736506","-0.031807","0.051263"
"1","vdb-volume","spiral-zoom","31","0.472413","-0.735513","-0.032029","0.051139"
"1","vdb-volume","spiral-zoom","32","0.476143","-0.734487","-0.03225","0.051013"
"1","vdb-volume","spiral-zoom","33","0.479855","-0.733428","-0.032471","0.050887"
"1","vdb-volume","spiral-zoom","34","0.483551","-0.732342","-0.03269","0.05076"
"1","vdb-volume","spiral-zoom","35","0.487228","-0.731218","-0.032908","0.050632"
"1","vdb-volume","spiral-zoom","36","0.490888","-0.73006","-0.033125","0.050503"
"1","vdb-volume","spiral-zoom","37","0.494531","-0.728876","-0.033341","0.050373"
"1","vdb-volume","spiral-zoom","38","0.498156","-0.727652","-0.033557","0.050243"
"1","vdb-volume","spiral-zoom","39","0.501763","-0.726401","-0.033771","0.050111"
"1","vdb-volume","spiral-zoom","40","0.505353","-0.725116","-0.033984","0.049979"
"1","vdb-volume","spiral-zoom","41","0.508925","-0.723798","-0.034197","0.049846"
"1","vdb-volume","spiral-zoom","42","0.512479","-0.722447","-0.034408","0.049712"
"1","vdb-volume","spiral-zoom","43","0.516015","-0.721067","-0.034618","0.049577"
"1","vdb-volume","spiral-zoom","44","0.519533","-0.719654","-0.034828","0.049441"
"1","vdb-volume","spiral-zoom","45","0.523034","-0.718207","-0.035036","0.049305"
"1","vdb-volume","spiral-zoom","46","0.526516","-0.716733","-0.035244","0.049167"
"1","vdb-volume","spiral-zoom","47","0.529981","-0.715223","-0.035451","0.049029"
"1","vdb-volume","spiral-zoom","48","0.533428","-0.713686","-0.035657","0.04889"
"1","vdb-volume","spiral-zoom","49","0.536854","-0.712109","-0.035862","0.04875"
"1","vdb-volume","spiral-zoom","50","0.540265","-0.710509","-0.036066","0.048609"
"1","vdb-volume","spiral-zoom","51","0.543656","-0.708875","-0.036269","0.048467"
"1","vdb-volume","spiral-zoom","52","0.547029","-0.707206","-0.036472","0.048325"
"1","vdb-volume","spiral-zoom","53","0.550383","-0.705509","-0.036673","0.048181"
"1","vdb-volume","spiral-zoom","54","0.55372","-0.703782","-0.036874","0.048037"
"1","vdb-volume","spiral-zoom","55","0.557038","-0.702022","-0.037074","0.047891"
"1","vdb-volume","spiral-zoom","56","0.560337","-0.700232","-0.037273","0.047745"
"1","vdb-volume","spiral-zoom","57","0.563619","-0.698413","-0.037471","0.047598"
"1","vdb-volume","spiral-zoom","58","0.56688","-0.696559","-0.037669","0.04745"
"1","vdb-volume","spiral-zoom","59","0.570125","-0.694682","-0.037865","0.047302"
"1","vdb-volume","spiral-zoom","60","0.573351","-0.692769","-0.038061","0.047152"
"1","vdb-volume","spiral-zoom","61","0.576556","-0.690828","-0.038256","0.047002"
"1","vdb-volume","spiral-zoom","62","0.579743","-0.688851","-0.038451","0.04685"
"1","vdb-volume","spiral-zoom","63","0.582912","-0.68685","-0.038644","0.046698"
"1","vdb-volume","spiral-zoom","64","0.586063","-0.68482","-0.038837","0.046545"
"1","vdb-volume","spiral-zoom","65","0.589193","-0.682754","-0.039029","0.04639"
"1","vdb-volume","spiral-zoom","66","0.592306","-0.680664","-0.039221","0.046235"
"1","vdb-volume","spiral-zoom","67","0.595399","-0.678539","-0.039411","0.04608"
"1","vdb-volume","spiral-zoom","68","0.598473","-0.67639","-0.039601","0.045923"
"1","vdb-volume","spiral-zoom","69","0.601529","-0.67421","-0.03979","0.045765"
"1","vdb-volume","spiral-zoom","70","0.604566","-0.672001","-0.039979","0.045606"
"1","vdb-volume","spiral-zoom","71","0.607584","-0.669767","-0.040166","0.045447"
"1","vdb-volume","spiral-zoom","72","0.610582","-0.667497","-0.040353","0.045287"
"1","vdb-volume","spiral-zoom","73","0.613562","-0.665203","-0.04054","0.045125"
"1","vdb-volume","spiral-zoom","74","0.616522","-0.662878","-0.040725","0.044963"
"1","vdb-volume","spiral-zoom","75","0.619462","-0.660523","-0.04091","0.0448"
"1","vdb-volume","spiral-zoom","76","0.622385","-0.658144","-0.041094","0.044636"
"1","vdb-volume","spiral-zoom","77","0.625289","-0.655739","-0.041278","0.044471"
"1","vdb-volume","spiral-zoom","78","0.628171","-0.653299","-0.04146","0.044305"
"1","vdb-volume","spiral-zoom","79","0.631036","-0.650839","-0.041642","0.044138"
"1","vdb-volume","spiral-zoom","80","0.633882","-0.648348","-0.041824","0.04397"
"1","vdb-volume","spiral-zoom","81","0.636707","-0.645827","-0.042004","0.043801"
"1","vdb-volume","spiral-zoom","82","0.639514","-0.643281","-0.042184","0.043632"
"1","vdb-volume","spiral-zoom","83","0.642302","-0.64071","-0.042364","0.043461"
"1","vdb-volume","spiral-zoom","84","0.64507","-0.638107","-0.042542","0.043289"
"1","vdb-volume","spiral-zoom","85","0.64782","-0.635485","-0.04272","0.043117"
"1","vdb-volume","spiral-zoom","86","0.650547","-0.632827","-0.042898","0.042943"
"1","vdb-volume","spiral-zoom","87","0.653258","-0.630148","-0.043074","0.042769"
"1","vdb-volume","spiral-zoom","88","0.65595","-0.627445","-0.04325","0.042594"
"1","vdb-volume","spiral-zoom","89","0.658622","-0.624715","-0.043425","0.042417"
"1","vdb-volume","spiral-zoom","90","0.661273","-0.621955","-0.0436","0.04224"
"1","vdb-volume","spiral-zoom","91","0.663906","-0.619175","-0.043774","0.042062"
"1","vdb-volume","spiral-zoom","92","0.666519","-0.616363","-0.043947","0.041883"
"1","vdb-volume","spiral-zoom","93","0.669113","-0.613532","-0.044119","0.041703"
"1","vdb-volume","spiral-zoom","94","0.671688","-0.610674","-0.044291","0.041521"
"1","vdb-volume","spiral-zoom","95","0.674244","-0.607792","-0.044462","0.041339"
"1","vdb-volume","spiral-zoom","96","0.676779","-0.604883","-0.044633","0.041156"
"1","vdb-volume","spiral-zoom","97","0.679296","-0.601954","-0.044803","0.040972"
"1","vdb-volume","spiral-zoom","98","0.681792","-0.598993","-0.044972","0.040787"
"1","vdb-volume","spiral-zoom","99","0.684271","-0.596018","-0.04514","0.040602"
"1","vdb-volume","spiral-zoom","100","0.686728","-0.593012","-0.045308","0.040415"
"1","vdb-volume","spiral-zoom","101","0.689167","-0.589985","-0.045475","0.040227"
"1","vdb-volume","spiral-zoom","102","0.691586","-0.586932","-0.045642","0.040038"
"1","vdb-volume","spiral-zoom","103","0.693986","-0.583858","-0.045808","0.039848"
"1","vdb-volume","spiral-zoom","104","0.696367","-0.580765","-0.045973","0.039657"
"1","vdb-volume","spiral-zoom","105","0.698728","-0.577645","-0.046137","0.039465"
"1","vdb-volume","spiral-zoom","106","0.70107","-0.574504","-0.046301","0.039273"
"1","vdb-volume","spiral-zoom","107","0.703392","-0.571337","-0.046464","0.039079"
"1","vdb-volume","spiral-zoom","108","0.705695","-0.568151","-0.046626","0.038884"
"1","vdb-volume","spiral-zoom","109","0.707978","-0.564943","-0.046788","0.038688"
"1","vdb-volume","spiral-zoom","110","0.710242","-0.561713","-0.046949","0.038492"
"1","vdb-volume","spiral-zoom","111","0.712487","-0.558463","-0.047109","0.038294"
"1","vdb-volume","spiral-zoom","112","0.714712","-0.55519","-0.047268","0.038095"
"1","vdb-volume","spiral-zoom","113","0.716918","-0.551897","-0.047427","0.037896"
"1","vdb-volume","spiral-zoom","114","0.719105","-0.548583","-0.047585","0.037695"
"1","vdb-volume","spiral-zoom","115","0.721272","-0.545249","-0.047743","0.037494"
"1","vdb-volume","spiral-zoom","116","0.72342","-0.541895","-0.047899","0.037291"
"1","vdb-volume","spiral-zoom","117","0.725549","-0.538521","-0.048055","0.037088"
"1","vdb-volume","spiral-zoom","118","0.727658","-0.535126","-0.04821","0.036883"
"1","vdb-volume","spiral-zoom","119","0.729748","-0.531712","-0.048365","0.036678"
"1","vdb-volume","spiral-zoom","120","0.731819","-0.528279","-0.048519","0.036471"
"1","vdb-volume","spiral-zoom","121","0.733871","-0.524827","-0.048672","0.036264"
"1","vdb-volume","spiral-zoom","122","0.735903","-0.521356","-0.048824","0.036055"
"1","vdb-volume","spiral-zoom","123","0.737916","-0.517867","-0.048975","0.035846"
"1","vdb-volume","spiral-zoom","124","0.73991","-0.51436","-0.049126","0.035636"
"1","vdb-volume","spiral-zoom","125","0.741884","-0.510834","-0.049276","0.035425"
"1","vdb-volume","spiral-zoom","126","0.74384","-0.507291","-0.049425","0.035212"
"1","vdb-volume","spiral-zoom","127","0.745776","-0.50373","-0.049574","0.034999"
"1","vdb-volume","spiral-zoom","128","0.747693","-0.500152","-0.049721","0.034785"
"1","vdb-volume","spiral-zoom","129","0.749592","-0.496557","-0.049868","0.03457"
"1","vdb-volume","spiral-zoom","130","0.75147","-0.492945","-0.050014","0.034354"
"1","vdb-volume","spiral-zoom","131","0.75333","-0.489316","-0.05016","0.034137"
"1","vdb-volume","spiral-zoom","132","0.755172","-0.485672","-0.050304","0.033919"
"1","vdb-volume","spiral-zoom","133","0.756993","-0.482012","-0.050448","0.0337"
"1","vdb-volume","spiral-zoom","134","0.758796","-0.478335","-0.050591","0.03348"
"1","vdb-volume","spiral-zoom","135","0.760581","-0.474643","-0.050733","0.03326"
"1","vdb-volume","spiral-zoom","136","0.762345","-0.470936","-0.050874","0.033038"
"1","vdb-volume","spiral-zoom","137","0.764092","-0.467214","-0.051014","0.032815"
"1","vdb-volume","spiral-zoom","138","0.76582","-0.463477","-0.051154","0.032592"
"1","vdb-volume","spiral-zoom","139","0.767528","-0.459726","-0.051292","0.032368"
"1","vdb-volume","spiral-zoom","140","0.769218","-0.455961","-0.05143","0.032142"
"1","vdb-volume","spiral-zoom","141","0.770889","-0.452182","-0.051567","0.031916"
"1","vdb-volume","spiral-zoom","142","0.772541","-0.44839","-0.051703","0.031689"
"1","vdb-volume","spiral-zoom","143","0.774175","-0.444583","-0.051838","0.031461"
"1","vdb-volume","spiral-zoom","144","0.775789","-0.440764","-0.051973","0.031232"
"1","vdb-volume","spiral-zoom","145","0.777386","-0.436932","-0.052106","0.031003"
"1","vdb-volume","spiral-zoom","146","0.778963","-0.433088","-0.052239","0.030772"
"1","vdb-volume","spiral-zoom","147","0.780522","-0.429231","-0.05237","0.030541"
"1","vdb-volume","spiral-zoom","148","0.782062","-0.425363","-0.052501","0.030308"
"1","vdb-volume","spiral-zoom","149","0.783584","-0.421483","-0.052631","0.030075"
"1","vdb-volume","spiral-zoom","150","0.785088","-0.417591","-0.05276","0.029841"
"1","vdb-volume","spiral-zoom","151","0.786574","-0.413687","-0.052888","0.029607"
"1","vdb-volume","spiral-zoom","152","0.788038","-0.409775","-0.053015","0.029371"
"1","vdb-volume","spiral-zoom","153","0.789486","-0.405851","-0.053141","0.029135"
"1","vdb-volume","spiral-zoom","154","0.790917","-0.401916","-0.053266","0.028898"
"1","vdb-volume","spiral-zoom","155","0.792331","-0.397971","-0.05339","0.02866"
"1","vdb-volume","spiral-zoom","156","0.793722","-0.394017","-0.053514","0.028421"
"1","vdb-volume","spiral-zoom","157","0.795097","-0.390053","-0.053636","0.028181"
"1","vdb-volume","spiral-zoom","158","0.796455","-0.386079","-0.053757","0.027941"
"1","vdb-volume","spiral-zoom","159","0.797791","-0.382099","-0.053877","0.0277"
"1","vdb-volume","spiral-zoom","160","0.799117","-0.378107","-0.053997","0.027458"
"1","vdb-volume","spiral-zoom","161","0.800414","-0.37411","-0.054115","0.027216"
"1","vdb-volume","spiral-zoom","162","0.801702","-0.370102","-0.054232","0.026973"
"1","vdb-volume","spiral-zoom","163","0.802967","-0.366089","-0.054348","0.026729"
"1","vdb-volume","spiral-zoom","164","0.804216","-0.362067","-0.054464","0.026484"
"1","vdb-volume","spiral-zoom","165","0.805449","-0.358037","-0.054578","0.026239"
"1","vdb-volume","spiral-zoom","166","0.80666","-0.354001","-0.054691","0.025993"
"1","vdb-volume","spiral-zoom","167","0.807855","-0.349959","-0.054803","0.025747"
"1","vdb-volume","spiral-zoom","168","0.809035","-0.34591","-0.054914","0.025499"
"1","vdb-volume","spiral-zoom","169","0.810193","-0.341855","-0.055024","0.025251"
"1","vdb-volume","spiral-zoom","170","0.811335","-0.337796","-0.055133","0.025003"
"1","vdb-volume","spiral-zoom","171","0.812462","-0.333729","-0.055241","0.024754"
"1","vdb-volume","spiral-zoom","172","0.813567","-0.329659","-0.055348","0.024504"
"1","vdb-volume","spiral-zoom","173","0.814657","-0.325583","-0.055453","0.024254"
"1","vdb-volume","spiral-zoom","174","0.815732","-0.321502","-0.055558","0.024003"
"1","vdb-volume","spiral-zoom","175","0.816785","-0.317418","-0.0565","0.020799"
"1","vdb-volume","spiral-zoom","176","0.817823","-0.313329","-0.056594","0.020533"
"1","vdb-volume","spiral-zoom","177","0.818847","-0.309236","-0.056688","0.020267"
"1","vdb-volume","spiral-zoom","178","0.819848","-0.30514","-0.05678","0.020001"
"1","vdb-volume","spiral-zoom","179","0.820836","-0.301041","-0.05687","0.019734"
"1","vdb-volume","spiral-zoom","180","0.821802","-0.29694","-0.05696","0.019467"
"1","vdb-volume","spiral-zoom","181","0.822753","-0.292837","-0.057048","0.019199"
"1","vdb-volume","spiral-zoom","182","0.82369","-0.28873","-0.057135","0.018931"
"1","vdb-volume","spiral-zoom","183","0.824606","-0.284622","-0.057221","0.018662"
"1","vdb-volume","spiral-zoom","184","0.825508","-0.280512","-0.057305","0.018394"
"1","vdb-volume","spiral-zoom","185","0.826395","-0.2764","-0.057389","0.018125"
"1","vdb-volume","spiral-zoom","186","0.827262","-0.272288","-0.057471","0.017855"
"1","vdb-volume","spiral-zoom","187","0.828108","-0.268176","-0.057551","0.017586"
"1","vdb-volume","spiral-zoom","188","0.828946","-0.264062","-0.057631","0.017316"
"1","vdb-volume","spiral-zoom","189","0.829764","-0.259948","-0.057709","0.017046"
"1","vdb-volume","spiral-zoom","190","0.830562","-0.255835","-0.057786","0.016776"
"1","vdb-volume","spiral-zoom","191","0.831346","-0.251723","-0.057861","0.016505"
"1","vdb-volume","spiral-zoom","192","0.832116","-0.24761","-0.057936","0.016235"
"1","vdb-volume","spiral-zoom","193","0.832866","-0.243499","-0.058009","0.015964"
"1","vdb-volume","spiral-zoom","194","0.833602","-0.239389","-0.05808","0.015693"
"1","vdb-volume","spiral-zoom","195","0.834318","-0.235281","-0.058151","0.015422"
"1","vdb-volume","spiral-zoom","196","0.835021","-0.231175","-0.05822","0.015151"
"1","vdb-volume","spiral-zoom","197","0.83571","-0.22707","-0.058288","0.01488"
"1","vdb-volume","spiral-zoom","198","0.83638","-0.222969","-0.058354","0.014609"
"1","vdb-volume","spiral-zoom","199","0.83703","-0.21887","-0.05842","0.014338"
"1","vdb-volume","spiral-zoom","200","0.837667","-0.214775","-0.058483","0.014067"
"1","vdb-volume","spiral-zoom","201","0.838291","-0.210682","-0.058546","0.013796"
"1","vdb-volume","spiral-zoom","202","0.838902","-0.206592","-0.058608","0.013524"
"1","vdb-volume","spiral-zoom","203","0.839487","-0.202509","-0.058668","0.013253"
"1","vdb-volume","spiral-zoom","204","0.840066","-0.198427","-0.058726","0.012982"
"1","vdb-volume","spiral-zoom","205","0.840625","-0.194351","-0.058784","0.012712"
"1","vdb-volume","spiral-zoom","206","0.841165","-0.19028","-0.05884","0.012441"
"1","vdb-volume","spiral-zoom","207","0.841693","-0.186214","-0.058895","0.01217"
"1","vdb-volume","spiral-zoom","208","0.842208","-0.182152","-0.058948","0.0119"
"1","vdb-volume","spiral-zoom","209","0.842705","-0.178098","-0.059001","0.01163"
"1","vdb-volume","spiral-zoom","210","0.843182","-0.17405","-0.059052","0.01136"
"1","vdb-volume","spiral-zoom","211","0.843654","-0.170006","-0.059101","0.01109"
"1","vdb-volume","spiral-zoom","212","0.8441","-0.165971","-0.05915","0.010821"
"1","vdb-volume","spiral-zoom","213","0.844541","-0.161939","-0.059197","0.010551"
"1","vdb-volume","spiral-zoom","214","0.844957","-0.157918","-0.059243","0.010283"
"1","vdb-volume","spiral-zoom","215","0.845367","-0.153902","-0.059287","0.010014"
"1","vdb-volume","spiral-zoom","216","0.845753","-0.149896","-0.05933","0.009746"
"1","vdb-volume","spiral-zoom","217","0.846133","-0.145896","-0.059373","0.009478"
"1","vdb-volume","spiral-zoom","218","0.846489","-0.141906","-0.059413","0.009211"
"1","vdb-volume","spiral-zoom","219","0.846839","-0.137922","-0.059453","0.008944"
"1","vdb-volume","spiral-zoom","220","0.847171","-0.133949","-0.059491","0.008677"
"1","vdb-volume","spiral-zoom","221","0.847485","-0.129984","-0.059528","0.008411"
"1","vdb-volume","spiral-zoom","222","0.847788","-0.126029","-0.059564","0.008145"
"1","vdb-volume","spiral-zoom","223","0.848073","-0.122084","-0.059598","0.00788"
"1","vdb-volume","spiral-zoom","224","0.848347","-0.118148","-0.059632","0.007616"
"1","vdb-volume","spiral-zoom","225","0.848609","-0.114221","-0.059664","0.007352"
"1","vdb-volume","spiral-zoom","226","0.848848","-0.110308","-0.059695","0.007088"
"1","vdb-volume","spiral-zoom","227","0.849081","-0.106403","-0.059724","0.006825"
"1","vdb-volume","spiral-zoom","228","0.849298","-0.102509","-0.059753","0.006563"
"1","vdb-volume","spiral-zoom","229","0.849497","-0.098629","-0.05978","0.006301"
"1","vdb-volume","spiral-zoom","230","0.849685","-0.094758","-0.059806","0.00604"
"1","vdb-volume","spiral-zoom","231","0.849862","-0.090898","-0.059831","0.00578"
"1","vdb-volume","spiral-zoom","232","0.850022","-0.087052","-0.059855","0.00552"
"1","vdb-volume","spiral-zoom","233","0.850165","-0.083219","-0.059877","0.005262"
"1","vdb-volume","spiral-zoom","234","0.850297","-0.079397","-0.059898","0.005003"
"1","vdb-volume","spiral-zoom","235","0.850413","-0.07559","-0.059919","0.004746"
"1","vdb-volume","spiral-zoom","236","0.850518","-0.071794","-0.059938","0.004489"
"1","vdb-volume","spiral-zoom","237","0.850613","-0.068012","-0.059956","0.004234"
"1","vdb-volume","spiral-zoom","238","0.850691","-0.064244","-0.059972","0.003979"
"1","vdb-volume","spiral-zoom","239","0.850752","-0.06049","-0.059988","0.003724"
"1","vdb-volume","spiral-zoom","240","0.850803","-0.05675","-0.060003","0.003471"
"1","vdb-volume","spiral-zoom","241","0.850838","-0.053026","-0.060016","0.003219"
"1","vdb-volume","spiral-zoom","242","0.850863","-0.049315","-0.060028","0.002967"
"1","vdb-volume","spiral-zoom","243","0.850878","-0.045618","-0.06004","0.002717"
"1","vdb-volume","spiral-zoom","244","0.85087","-0.041939","-0.06005","0.002467"
"1","vdb-volume","spiral-zoom","245","0.850858","-0.038274","-0.060059","0.002218"
"1","vdb-volume","spiral-zoom","246","0.850831","-0.034625","-0.060067","0.00197"
"1","vdb-volume","spiral-zoom","247","0.850787","-0.030992","-0.060074","0.001724"
"1","vdb-volume","spiral-zoom","248","0.850734","-0.027375","-0.06008","0.001478"
"1","vdb-volume","spiral-zoom","249","0.850665","-0.023776","-0.060085","0.001233"
"1","vdb-volume","spiral-zoom","250","0.850587","-0.020193","-0.06009","0.00099"
"1","vdb-volume","spiral-zoom","251","0.850493","-0.016627","-0.060093","0.000747"
"1","vdb-volume","spiral-zoom","252","0.850389","-0.013078","-0.060095","0.000506"
"1","vdb-volume","spiral-zoom","253","0.850276","-0.009545","-0.060096","0.000265"
"1","vdb-volume","spiral-zoom","254","0.850141","-0.006033","-0.060096","0.000026"
"1","vdb-volume","spiral-zoom","255","0.850004","-0.002537","-0.060095","-0.000212"
"1","vdb-volume","spiral-zoom","256","0.849844","0.00094","-0.060093","-0.000449"
"1","vdb-volume","spiral-zoom","257","0.849682","0.0044","-0.060091","-0.000685"
"1","vdb-volume","spiral-zoom","258","0.849499","0.007838","-0.060087","-0.00092"
"1","vdb-volume","spiral-zoom","259","0.849312","0.011261","-0.060083","-0.001153"
"1","vdb-volume","spiral-zoom","260","0.849105","0.014662","-0.060078","-0.001385"
"1","vdb-volume","spiral-zoom","261","0.848894","0.018046","-0.060071","-0.001616"
"1","vdb-volume","spiral-zoom","262","0.848669","0.021408","-0.060064","-0.001846"
"1","vdb-volume","spiral-zoom","263","0.848429","0.024751","-0.060056","-0.002074"
"1","vdb-volume","spiral-zoom","264","0.848174","0.028073","-0.060048","-0.002302"
"1","vdb-volume","spiral-zoom","265","0.847917","0.031376","-0.060038","-0.002528"
"1","vdb-volume","spiral-zoom","266","0.847638","0.034657","-0.060028","-0.002752"
"1","vdb-volume","spiral-zoom","267","0.847358","0.03792","-0.060017","-0.002975"
"1","vdb-volume","spiral-zoom","268","0.847056","0.041158","-0.060005","-0.003197"
"1","vdb-volume","spiral-zoom","269","0.846753","0.044378","-0.059992","-0.003418"
"1","vdb-volume","spiral-zoom","270","0.846435","0.047576","-0.059979","-0.003637"
"1","vdb-volume","spiral-zoom","271","0.846103","0.050752","-0.059965","-0.003855"
"1","vdb-volume","spiral-zoom","272","0.845762","0.053906","-0.05995","-0.004071"
"1","vdb-volume","spiral-zoom","273","0.845408","0.057037","-0.059934","-0.004286"
"1","vdb-volume","spiral-zoom","274","0.845045","0.060147","-0.059918","-0.0045"
"1","vdb-volume","spiral-zoom","275","0.844668","0.063234","-0.059901","-0.004712"
"1","vdb-volume","spiral-zoom","276","0.844283","0.066298","-0.059884","-0.004923"
"1","vdb-volume","spiral-zoom","277","0.843884","0.069339","-0.059865","-0.005132"
"1","vdb-volume","spiral-zoom","278","0.843477","0.072357","-0.059846","-0.00534"
"1","vdb-volume","spiral-zoom","279","0.843056","0.075352","-0.059827","-0.005547"
"1","vdb-volume","spiral-zoom","280","0.842628","0.078324","-0.059807","-0.005751"
"1","vdb-volume","spiral-zoom","281","0.842192","0.081272","-0.059786","-0.005955"
"1","vdb-volume","spiral-zoom","282","0.841736","0.084194","-0.059765","-0.006157"
"1","vdb-volume","spiral-zoom","283","0.841279","0.087095","-0.059743","-0.006357"
"1","vdb-volume","spiral-zoom","284","0.840808","0.089971","-0.05972","-0.006556"
"1","vdb-volume","spiral-zoom","285","0.840323","0.092821","-0.059697","-0.006753"
"1","vdb-volume","spiral-zoom","286","0.839831","0.095647","-0.059674","-0.006949"
"1","vdb-volume","spiral-zoom","287","0.839332","0.098449","-0.05965","-0.007143"
"1","vdb-volume","spiral-zoom","288","0.83882","0.101225","-0.059626","-0.007336"
"1","vdb-volume","spiral-zoom","289","0.8383","0.103977","-0.059601","-0.007527"
"1","vdb-volume","spiral-zoom","290","0.837767","0.106702","-0.059575","-0.007716"
"1","vdb-volume","spiral-zoom","291","0.83722","0.109401","-0.059549","-0.007904"
"1","vdb-volume","spiral-zoom","292","0.836673","0.112077","-0.059523","-0.008091"
"1","vdb-volume","spiral-zoom","293","0.836106","0.114724","-0.059496","-0.008275"
"1","vdb-volume","spiral-zoom","294","0.835539","0.117348","-0.059469","-0.008458"
"1","vdb-volume","spiral-zoom","295","0.834958","0.119944","-0.059441","-0.00864"
"1","vdb-volume","spiral-zoom","296","0.834364","0.122513","-0.059413","-0.008819"
"1","vdb-volume","spiral-zoom","297","0.833764","0.125056","-0.059385","-0.008998"
"1","vdb-volume","spiral-zoom","298","0.833157","0.127573","-0.059356","-0.009174"
"1","vdb-volume","spiral-zoom","299","0.832537","0.130063","-0.059327","-0.009349"
"1","vdb-volume","spiral-zoom","300","0.831904","0.132524","-0.059298","-0.009522"
"1","vdb-volume","spiral-zoom","301","0.831271","0.134961","-0.059268","-0.009694"
"1","vdb-volume","spiral-zoom","302","0.830618","0.137367","-0.059238","-0.009863"
"1","vdb-volume","spiral-zoom","303","0.829966","0.139748","-0.059208","-0.010032"
"1","vdb-volume","spiral-zoom","304","0.8293","0.142101","-0.059177","-0.010198"
"1","vdb-volume","spiral-zoom","305","0.828622","0.144425","-0.059146","-0.010363"
"1","vdb-volume","spiral-zoom","306","0.827938","0.146722","-0.059115","-0.010526"
"1","vdb-volume","spiral-zoom","307","0.827247","0.148991","-0.059084","-0.010687"
"1","vdb-volume","spiral-zoom","308","0.826544","0.151231","-0.059052","-0.010847"
"1","vdb-volume","spiral-zoom","309","0.825835","0.153443","-0.059021","-0.011005"
"1","vdb-volume","spiral-zoom","310","0.825113","0.155626","-0.058989","-0.011161"
"1","vdb-volume","spiral-zoom","311","0.824385","0.157781","-0.058956","-0.011316"
"1","vdb-volume","spiral-zoom","312","0.823651","0.159908","-0.058924","-0.011468"
"1","vdb-volume","spiral-zoom","313","0.822904","0.162005","-0.058891","-0.011619"
"1","vdb-volume","spiral-zoom","314","0.822151","0.164073","-0.058859","-0.011769"
"1","vdb-volume","spiral-zoom","315","0.821393","0.166113","-0.058826","-0.011916"
"1","vdb-volume","spiral-zoom","316","0.820622","0.168123","-0.058793","-0.012062"
"1","vdb-volume","spiral-zoom","317","0.819839","0.170102","-0.05876","-0.012206"
"1","vdb-volume","spiral-zoom","318","0.819056","0.172054","-0.058727","-0.012348"
"1","vdb-volume","spiral-zoom","319","0.818262","0.173976","-0.058694","-0.012489"
"1","vdb-volume","spiral-zoom","320","0.817455","0.175866","-0.05866","-0.012627"
"1","vdb-volume","spiral-zoom","321","0.816642","0.177728","-0.058627","-0.012764"
"1","vdb-volume","spiral-zoom","322","0.815824","0.17956","-0.058593","-0.0129"
"1","vdb-volume","spiral-zoom","323","0.815","0.181362","-0.05856","-0.013033"
"1","vdb-volume","spiral-zoom","324","0.814163","0.183134","-0.058526","-0.013165"
"1","vdb-volume","spiral-zoom","325","0.813315","0.184874","-0.058492","-0.013294"
"1","vdb-volume","spiral-zoom","326","0.812468","0.186586","-0.058459","-0.013423"
"1","vdb-volume","spiral-zoom","327","0.811609","0.188266","-0.058425","-0.013549"
"1","vdb-volume","spiral-zoom","328","0.810744","0.189917","-0.058392","-0.013673"
"1","vdb-volume","spiral-zoom","329","0.809867","0.191536","-0.058358","-0.013796"
"1","vdb-volume","spiral-zoom","330","0.808985","0.193124","-0.058324","-0.013917"
"1","vdb-volume","spiral-zoom","331","0.808098","0.194683","-0.058291","-0.014036"
"1","vdb-volume","spiral-zoom","332","0.807198","0.196209","-0.058257","-0.014153"
"1","vdb-volume","spiral-zoom","333","0.806293","0.197705","-0.058224","-0.014269"
"1","vdb-volume","spiral-zoom","334","0.805383","0.199171","-0.05819","-0.014382"
"1","vdb-volume","spiral-zoom","335","0.804461","0.200604","-0.058157","-0.014494"
"1","vdb-volume","spiral-zoom","336","0.803534","0.202007","-0.058124","-0.014604"
"1","vdb-volume","spiral-zoom","337","0.802601","0.203378","-0.058091","-0.014712"
"1","vdb-volume","spiral-zoom","338","0.801663","0.204719","-0.058058","-0.014819"
"1","vdb-volume","spiral-zoom","339","0.800714","0.206028","-0.058025","-0.014923"
"1","vdb-volume","spiral-zoom","340","0.799759","0.207306","-0.057992","-0.015026"
"1","vdb-volume","spiral-zoom","341","0.798799","0.208552","-0.057959","-0.015127"
"1","vdb-volume","spiral-zoom","342","0.797828","0.209766","-0.057927","-0.015226"
"1","vdb-volume","spiral-zoom","343","0.796851","0.210949","-0.057894","-0.015323"
"1","vdb-volume","spiral-zoom","344","0.795869","0.2121","-0.057862","-0.015419"
"1","vdb-volume","spiral-zoom","345","0.794876","0.213219","-0.05783","-0.015512"
"1","vdb-volume","spiral-zoom","346","0.793884","0.214308","-0.057798","-0.015604"
"1","vdb-volume","spiral-zoom","347","0.79288","0.215363","-0.057766","-0.015694"
"1","vdb-volume","spiral-zoom","348","0.791872","0.216388","-0.057734","-0.015782"
"1","vdb-volume","spiral-zoom","349","0.790852","0.217379","-0.057703","-0.015868"
"1","vdb-volume","spiral-zoom","350","0.789833","0.218341","-0.057672","-0.015952"
"1","vdb-volume","spiral-zoom","351","0.788802","0.219269","-0.057641","-0.016035"
"1","vdb-volume","spiral-zoom","352","0.787761","0.220164","-0.05761","-0.016115"
"1","vdb-volume","spiral-zoom","353","0.78672","0.221029","-0.057579","-0.016194"
"1","vdb-volume","spiral-zoom","354","0.785669","0.221861","-0.057549","-0.016271"
"1","vdb-volume","spiral-zoom","355","0.784618","0.222663","-0.057519","-0.016346"
"1","vdb-volume","spiral-zoom","356","0.783557","0.223431","-0.057489","-0.016419"
"1","vdb-volume","spiral-zoom","357","0.78249","0.224168","-0.05746","-0.016491"
"1","vdb-volume","spiral-zoom","358","0.781412","0.224871","-0.05743","-0.01656"
"1","vdb-volume","spiral-zoom","359","0.780335","0.225545","-0.057401","-0.016628"
"1","vdb-volume","spiral-zoom","360","0.779248","0.226184","-0.057372","-0.016694"
"1","vdb-volume","spiral-zoom","361","0.778155","0.226792","-0.057344","-0.016757"
"1","vdb-volume","spiral-zoom","362","0.777057","0.227368","-0.057315","-0.016819"
"1","vdb-volume","spiral-zoom","363","0.775948","0.227911","-0.057287","-0.01688"
"1","vdb-volume","spiral-zoom","364","0.77484","0.228423","-0.057259","-0.016938"
"1","vdb-volume","spiral-zoom","365","0.773721","0.228902","-0.057232","-0.016994"
"1","vdb-volume","spiral-zoom","366","0.772604","0.229351","-0.057205","-0.017049"
"1","vdb-volume","spiral-zoom","367","0.771475","0.229766","-0.057178","-0.017101"
"1","vdb-volume","spiral-zoom","368","0.770341","0.230149","-0.057151","-0.017152"
"1","vdb-volume","spiral-zoom","369","0.769202","0.2305","-0.057125","-0.017201"
"1","vdb-volume","spiral-zoom","370","0.768052","0.230818","-0.057099","-0.017248"
"1","vdb-volume","spiral-zoom","371","0.766904","0.231106","-0.057074","-0.017293"
"1","vdb-volume","spiral-zoom","372","0.765744","0.231361","-0.057048","-0.017336"
"1","vdb-volume","spiral-zoom","373","0.764586","0.231585","-0.057023","-0.017377"
"1","vdb-volume","spiral-zoom","374","0.763416","0.231775","-0.056999","-0.017416"
"1","vdb-volume","spiral-zoom","375","0.762242","0.231934","-0.056974","-0.017454"
"1","vdb-volume","spiral-zoom","376","0.761062","0.232061","-0.05695","-0.017489"
"1","vdb-volume","spiral-zoom","377","0.759878","0.232157","-0.056926","-0.017523"
"1","vdb-volume","spiral-zoom","378","0.758688","0.23222","-0.056903","-0.017554"
"1","vdb-volume","spiral-zoom","379","0.757494","0.232252","-0.05688","-0.017584"
"1","vdb-volume","spiral-zoom","380","0.756295","0.232253","-0.056857","-0.017612"
"1","vdb-volume","spiral-zoom","381","0.755091","0.232222","-0.056835","-0.017638"
"1","vdb-volume","spiral-zoom","382","0.753875","0.232157","-0.056813","-0.017662"
"1","vdb-volume","spiral-zoom","383","0.752661","0.232063","-0.056792","-0.017684"
"1","vdb-volume","spiral-zoom","384","0.751442","0.231937","-0.05677","-0.017704"
"1","vdb-volume","spiral-zoom","385","0.750212","0.231778","-0.056749","-0.017722"
"1","vdb-volume","spiral-zoom","386","0.748983","0.231589","-0.056729","-0.017738"
"1","vdb-volume","spiral-zoom","387","0.747742","0.231368","-0.056708","-0.017752"
"1","vdb-volume","spiral-zoom","388","0.746503","0.231117","-0.056689","-0.017764"
"1","vdb-volume","spiral-zoom","389","0.745253","0.230832","-0.056669","-0.017775"
"1","vdb-volume","spiral-zoom","390","0.744004","0.230519","-0.05665","-0.017783"
"1","vdb-volume","spiral-zoom","391","0.74275","0.230174","-0.056631","-0.01779"
"1","vdb-volume","spiral-zoom","392","0.741484","0.229796","-0.056613","-0.017794"
"1","vdb-volume","spiral-zoom","393","0.74022","0.229389","-0.056595","-0.017796"
"1","vdb-volume","spiral-zoom","394","0.738944","0.22895","-0.056577","-0.017797"
"1","vdb-volume","spiral-zoom","395","0.73767","0.228481","-0.05656","-0.017795"
"1","vdb-volume","spiral-zoom","396","0.73639","0.227982","-0.056543","-0.017792"
"1","vdb-volume","spiral-zoom","397","0.735105","0.227451","-0.056526","-0.017786"
"1","vdb-volume","spiral-zoom","398","0.733815","0.226891","-0.05651","-0.017779"
"1","vdb-volume","spiral-zoom","399","0.732514","0.226297","-0.056494","-0.017769"
"1","vdb-volume","spiral-zoom","400","0.731213","0.225676","-0.056478","-0.017758"
"1","vdb-volume","spiral-zoom","401","0.729908","0.225023","-0.056463","-0.017745"
"1","vdb-volume","spiral-zoom","402","0.728603","0.224342","-0.056448","-0.017729"
"1","vdb-volume","spiral-zoom","403","0.727287","0.223629","-0.056433","-0.017712"
"1","vdb-volume","spiral-zoom","404","0.725966","0.222886","-0.056419","-0.017692"
"1","vdb-volume","spiral-zoom","405","0.724646","0.222115","-0.056405","-0.01767"
"1","vdb-volume","spiral-zoom","406","0.72332","0.221314","-0.056392","-0.017647"
"1","vdb-volume","spiral-zoom","407","0.721983","0.220481","-0.056379","-0.017621"
"1","vdb-volume","spiral-zoom","408","0.720646","0.21962","-0.056366","-0.017593"
"1","vdb-volume","spiral-zoom","409","0.719305","0.218729","-0.056353","-0.017564"
"1","vdb-volume","spiral-zoom","410","0.717957","0.217809","-0.056341","-0.017532"
"1","vdb-volume","spiral-zoom","411","0.716611","0.216862","-0.056329","-0.017498"
"1","vdb-volume","spiral-zoom","412","0.715253","0.215883","-0.056318","-0.017462"
"1","vdb-volume","spiral-zoom","413","0.713896","0.214876","-0.056307","-0.017424"
"1","vdb-volume","spiral-zoom","414","0.712533","0.213841","-0.056296","-0.017384"
"1","vdb-volume","spiral-zoom","415","0.711164","0.212776","-0.056285","-0.017342"
"1","vdb-volume","spiral-zoom","416","0.70979","0.211683","-0.056275","-0.017298"
"1","vdb-volume","spiral-zoom","417","0.708417","0.210563","-0.056265","-0.017251"
"1","vdb-volume","spiral-zoom","418","0.707032","0.209412","-0.056255","-0.017203"
"1","vdb-volume","spiral-zoom","419","0.705647","0.208234","-0.056246","-0.017152"
"1","vdb-volume","spiral-zoom","420","0.704257","0.207028","-0.056237","-0.0171"
"1","vdb-volume","spiral-zoom","421","0.702867","0.205796","-0.056228","-0.017045"
"1","vdb-volume","spiral-zoom","422","0.701472","0.204535","-0.056219","-0.016988"
"1","vdb-volume","spiral-zoom","423","0.700064","0.203244","-0.056211","-0.016929"
"1","vdb-volume","spiral-zoom","424","0.698663","0.20193","-0.056203","-0.016868"
"1","vdb-volume","spiral-zoom","425","0.69725","0.200585","-0.056195","-0.016804"
"1","vdb-volume","spiral-zoom","426","0.695838","0.199215","-0.056188","-0.016739"
"1","vdb-volume","spiral-zoom","427","0.694419","0.197817","-0.05618","-0.016671"
"1","vdb-volume","spiral-zoom","428","0.692995","0.196393","-0.056173","-0.016601"
"1","vdb-volume","spiral-zoom","429","0.69157","0.194942","-0.056166","-0.016529"
"1","vdb-volume","spiral-zoom","430","0.69014","0.193465","-0.05616","-0.016455"
"1","vdb-volume","spiral-zoom","431","0.688704","0.191961","-0.056153","-0.016379"
"1","vdb-volume","spiral-zoom","432","0.687267","0.190432","-0.056147","-0.0163"
"1","vdb-volume","spiral-zoom","433","0.685825","0.188876","-0.056141","-0.016219"
"1","vdb-volume","spiral-zoom","434","0.684376","0.187294","-0.056135","-0.016136"
"1","vdb-volume","spiral-zoom","435","0.682928","0.185687","-0.05613","-0.016051"
"1","vdb-volume","spiral-zoom","436","0.681473","0.184055","-0.056124","-0.015964"
"1","vdb-volume","spiral-zoom","437","0.680012","0.182396","-0.056119","-0.015874"
"1","vdb-volume","spiral-zoom","438","0.67855","0.180714","-0.056114","-0.015782"
"1","vdb-volume","spiral-zoom","439","0.677083","0.179005","-0.056109","-0.015688"
"1","vdb-volume","spiral-zoom","440","0.675615","0.177273","-0.056104","-0.015592"
"1","vdb-volume","spiral-zoom","441","0.674141","0.175516","-0.056099","-0.015493"
"1","vdb-volume","spiral-zoom","442","0.67266","0.173734","-0.056094","-0.015392"
"1","vdb-volume","spiral-zoom","443","0.671179","0.171928","-0.05609","-0.015289"
"1","vdb-volume","spiral-zoom","444","0.669691","0.170099","-0.056085","-0.015183"
"1","vdb-volume","spiral-zoom","445","0.668203","0.168245","-0.056081","-0.015076"
"1","vdb-volume","spiral-zoom","446","0.666708","0.166368","-0.056076","-0.014966"
"1","vdb-volume","spiral-zoom","447","0.665213","0.164468","-0.056072","-0.014853"
"1","vdb-volume","spiral-zoom","448","0.66371","0.162545","-0.056068","-0.014739"
"1","vdb-volume","spiral-zoom","449","0.662208","0.160598","-0.056064","-0.014622"
"1","vdb-volume","spiral-zoom","450","0.660698","0.158629","-0.056059","-0.014502"
"1","vdb-volume","spiral-zoom","451","0.659182","0.156636","-0.056055","-0.014381"
"1","vdb-volume","spiral-zoom","452","0.65767","0.154623","-0.056051","-0.014257"
"1","vdb-volume","spiral-zoom","453","0.656146","0.152585","-0.056046","-0.01413"
"1","vdb-volume","spiral-zoom","454","0.654621","0.150527","-0.056042","-0.014002"
"1","vdb-volume","spiral-zoom","455","0.653095","0.148447","-0.056037","-0.013871"
"1","vdb-volume","spiral-zoom","456","0.651562","0.146345","-0.056033","-0.013737"
"1","vdb-volume","spiral-zoom","457","0.650027","0.144222","-0.056028","-0.013602"
"1","vdb-volume","spiral-zoom","458","0.648492","0.142079","-0.056023","-0.013464"
"1","vdb-volume","spiral-zoom","459","0.64695","0.139914","-0.056019","-0.013323"
"1","vdb-volume","spiral-zoom","460","0.6454","0.137727","-0.056014","-0.01318"
"1","vdb-volume","spiral-zoom","461","0.643849","0.13552","-0.056008","-0.013035"
"1","vdb-volume","spiral-zoom","462","0.642296","0.133295","-0.056003","-0.012887"
"1","vdb-volume","spiral-zoom","463","0.640742","0.131049","-0.055998","-0.012737"
"1","vdb-volume","spiral-zoom","464","0.639181","0.128783","-0.055992","-0.012585"
"1","vdb-volume","spiral-zoom","465","0.637612","0.126496","-0.055986","-0.01243"
"1","vdb-volume","spiral-zoom","466","0.636045","0.124192","-0.055979","-0.012273"
"1","vdb-volume","spiral-zoom","467","0.634473","0.121868","-0.055973","-0.012113"
"1","vdb-volume","spiral-zoom","468","0.632897","0.119524","-0.055966","-0.011951"
"1","vdb-volume","spiral-zoom","469","0.631317","0.117163","-0.055959","-0.011787"
"1","vdb-volume","spiral-zoom","470","0.629734","0.114783","-0.055952","-0.01162"
"1","vdb-volume","spiral-zoom","471","0.628147","0.112385","-0.055944","-0.01145"
"1","vdb-volume","spiral-zoom","472","0.626556","0.109969","-0.055936","-0.011279"
"1","vdb-volume","spiral-zoom","473","0.624962","0.107535","-0.055927","-0.011104"
"1","vdb-volume","spiral-zoom","474","0.623364","0.105083","-0.055919","-0.010928"
"1","vdb-volume","spiral-zoom","475","0.621763","0.102616","-0.055909","-0.010749"
"1","vdb-volume","spiral-zoom","476","0.620158","0.10013","-0.0559","-0.010567"
"1","vdb-volume","spiral-zoom","477","0.618549","0.097628","-0.055889","-0.010383"
"1","vdb-volume","spiral-zoom","478","0.616936","0.09511","-0.055879","-0.010197"
"1","vdb-volume","spiral-zoom","479","0.61532","0.092575","-0.055867","-0.010008"
"1","vdb-volume","spiral-zoom","480","0.6137","0.090024","-0.055856","-0.009816"
"1","vdb-volume","spiral-zoom","481","0.612077","0.087458","-0.055843","-0.009623"
"1","vdb-volume","spiral-zoom","482","0.61045","0.084876","-0.055831","-0.009426"
"1","vdb-volume","spiral-zoom","483","0.608819","0.082278","-0.055817","-0.009228"
"1","vdb-volume","spiral-zoom","484","0.607185","0.079666","-0.055803","-0.009026"
"1","vdb-volume","spiral-zoom","485","0.605547","0.07704","-0.055788","-0.008823"
"1","vdb-volume","spiral-zoom","486","0.603906","0.074398","-0.055773","-0.008617"
"1","vdb-volume","spiral-zoom","487","0.602261","0.071743","-0.055757","-0.008408"
"1","vdb-volume","spiral-zoom","488","0.600613","0.069073","-0.05574","-0.008197"
"1","vdb-volume","spiral-zoom","489","0.59896","0.06639","-0.055723","-0.007984"
"1","vdb-volume","spiral-zoom","490","0.597304","0.063694","-0.055705","-0.007768"
"1","vdb-volume","spiral-zoom","491","0.595644","0.060984","-0.055686","-0.00755"
"1","vdb-volume","spiral-zoom","492","0.593981","0.058262","-0.055666","-0.007329"
"1","vdb-volume","spiral-zoom","493","0.592314","0.055526","-0.055645","-0.007106"
"1","vdb-volume","spiral-zoom","494","0.590644","0.052779","-0.055623","-0.006881"
"1","vdb-volume","spiral-zoom","495","0.58897","0.05002","-0.055601","-0.006653"
"1","vdb-volume","spiral-zoom","496","0.587292","0.047248","-0.055578","-0.006423"
"1","vdb-volume","spiral-zoom","497","0.585611","0.044465","-0.055553","-0.00619"
"1","vdb-volume","spiral-zoom","498","0.583926","0.04167","-0.055528","-0.005955"
"1","vdb-volume","spiral-zoom","499","0.582237","0.038865","-0.055502","-0.005718"
"1","vdb-volume","spiral-zoom","500","0.580546","0.036049","-0.055475","-0.005478"
"1","vdb-volume","spiral-zoom","501","0.57885","0.033222","-0.055446","-0.005236"
"1","vdb-volume","spiral-zoom","502","0.57715","0.030385","-0.055417","-0.004992"
"1","vdb-volume","spiral-zoom","503","0.575448","0.027538","-0.055387","-0.004745"
"1","vdb-volume","spiral-zoom","504","0.573741","0.024681","-0.055355","-0.004496"
"1","vdb-volume","spiral-zoom","505","0.572031","0.021815","-0.055322","-0.004244"
"1","vdb-volume","spiral-zoom","506","0.570316","0.01894","-0.055289","-0.003991"
"1","vdb-volume","spiral-zoom","507","0.568599","0.016056","-0.055254","-0.003735"
"1","vdb-volume","spiral-zoom","508","0.566878","0.013163","-0.055217","-0.003477"
"1","vdb-volume","spiral-zoom","509","0.565153","0.010262","-0.05518","-0.003216"
"1","vdb-volume","spiral-zoom","510","0.563425","0.007353","-0.055141","-0.002954"
"1","vdb-volume","spiral-zoom","511","0.561693","0.004436","-0.055483","0.002493"
"1","vdb-volume","spiral-zoom","512","0.559957","0.001512","-0.055426","0.002767"
"1","vdb-volume","spiral-zoom","513","0.558218","-0.00142","-0.055367","0.003043"
"1","vdb-volume","spiral-zoom","514","0.556475","-0.004359","-0.055307","0.003321"
"1","vdb-volume","spiral-zoom","515","0.554729","-0.007304","-0.055245","0.003601"
"1","vdb-volume","spiral-zoom","516","0.552979","-0.010256","-0.055182","0.003883"
"1","vdb-volume","spiral-zoom","517","0.551225","-0.013214","-0.055117","0.004166"
"1","vdb-volume","spiral-zoom","518","0.549467","-0.016177","-0.05505","0.004452"
"1","vdb-volume","spiral-zoom","519","0.547706","-0.019146","-0.054982","0.004739"
"1","vdb-volume","spiral-zoom","520","0.545941","-0.022121","-0.054913","0.005028"
"1","vdb-volume","spiral-zoom","521","0.544172","-0.0251","-0.054841","0.005318"
"1","vdb-volume","spiral-zoom","522","0.542401","-0.028085","-0.054768","0.00561"
"1","vdb-volume","spiral-zoom","523","0.540625","-0.031074","-0.054694","0.005904"
"1","vdb-volume","spiral-zoom","524","0.538846","-0.034066","-0.054617","0.0062"
"1","vdb-volume","spiral-zoom","525","0.537062","-0.037063","-0.054539","0.006497"
"1","vdb-volume","spiral-zoom","526","0.535276","-0.040063","-0.054459","0.006795"
"1","vdb-volume","spiral-zoom","527","0.533486","-0.043067","-0.054377","0.007095"
"1","vdb-volume","spiral-zoom","528","0.531692","-0.046074","-0.054294","0.007397"
"1","vdb-volume","spiral-zoom","529","0.529894","-0.049083","-0.054208","0.007699"
"1","vdb-volume","spiral-zoom","530","0.528093","-0.052095","-0.054121","0.008004"
"1","vdb-volume","spiral-zoom","531","0.526288","-0.05511","-0.054032","0.008309"
"1","vdb-volume","spiral-zoom","532","0.52448","-0.058125","-0.053941","0.008616"
"1","vdb-volume","spiral-zoom","533","0.522667","-0.061143","-0.053849","0.008924"
"1","vdb-volume","spiral-zoom","534","0.520852","-0.064163","-0.053754","0.009233"
"1","vdb-volume","spiral-zoom","535","0.519032","-0.067183","-0.053658","0.009544"
"1","vdb-volume","spiral-zoom","536","0.517209","-0.070203","-0.053559","0.009855"
"1","vdb-volume","spiral-zoom","537","0.515382","-0.073225","-0.053459","0.010168"
"1","vdb-volume","spiral-zoom","538","0.513551","-0.076247","-0.053357","0.010482"
"1","vdb-volume","spiral-zoom","539","0.511717","-0.079268","-0.053253","0.010796"
"1","vdb-volume","spiral-zoom","540","0.509879","-0.08229","-0.053146","0.011112"
"1","vdb-volume","spiral-zoom","541","0.508038","-0.085311","-0.053038","0.011429"
"1","vdb-volume","spiral-zoom","542","0.506192","-0.08833","-0.052928","0.011746"
"1","vdb-volume","spiral-zoom","543","0.504343","-0.091349","-0.052816","0.012064"
"1","vdb-volume","spiral-zoom","544","0.50249","-0.094366","-0.052702","0.012384"
"1","vdb-volume","spiral-zoom","545","0.500634","-0.097382","-0.052586","0.012703"
"1","vdb-volume","spiral-zoom","546","0.498774","-0.100396","-0.052468","0.013024"
"1","vdb-volume","spiral-zoom","547","0.496911","-0.103407","-0.052348","0.013345"
"1","vdb-volume","spiral-zoom","548","0.495044","-0.106416","-0.052226","0.013667"
"1","vdb-volume","spiral-zoom","549","0.493173","-0.109422","-0.052102","0.013989"
"1","vdb-volume","spiral-zoom","550","0.491298","-0.112424","-0.051976","0.014312"
"1","vdb-volume","spiral-zoom","551","0.489419","-0.115424","-0.051848","0.014635"
"1","vdb-volume","spiral-zoom","552","0.487538","-0.11842","-0.051718","0.014958"
"1","vdb-volume","spiral-zoom","553","0.485652","-0.121412","-0.051586","0.015282"
"1","vdb-volume","spiral-zoom","554","0.483763","-0.124399","-0.051452","0.015607"
"1","vdb-volume","spiral-zoom","555","0.48187","-0.127382","-0.051316","0.015931"
"1","vdb-volume","spiral-zoom","556","0.479973","-0.130361","-0.051178","0.016256"
"1","vdb-volume","spiral-zoom","557","0.478073","-0.133334","-0.051038","0.016581"
"1","vdb-volume","spiral-zoom","558","0.476169","-0.136303","-0.050896","0.016906"
"1","vdb-volume","spiral-zoom","559","0.474261","-0.139266","-0.050752","0.017231"
"1","vdb-volume","spiral-zoom","560","0.472351","-0.142222","-0.050605","0.017556"
"1","vdb-volume","spiral-zoom","561","0.470436","-0.145173","-0.050457","0.017881"
"1","vdb-volume","spiral-zoom","562","0.468517","-0.148117","-0.050307","0.018205"
"1","vdb-volume","spiral-zoom","563","0.466595","-0.151054","-0.050155","0.01853"
"1","vdb-volume","spiral-zoom","564","0.464669","-0.153985","-0.050001","0.018855"
"1","vdb-volume","spiral-zoom","565","0.46274","-0.156909","-0.049845","0.019179"
"1","vdb-volume","spiral-zoom","566","0.460807","-0.159825","-0.049687","0.019503"
"1","vdb-volume","spiral-zoom","567","0.458871","-0.162734","-0.049527","0.019827"
"1","vdb-volume","spiral-zoom","568","0.45693","-0.165634","-0.049365","0.02015"
"1","vdb-volume","spiral-zoom","569","0.454986","-0.168526","-0.049202","0.020473"
"1","vdb-volume","spiral-zoom","570","0.453039","-0.17141","-0.049036","0.020795"
"1","vdb-volume","spiral-zoom","571","0.451088","-0.174285","-0.048868","0.021117"
"1","vdb-volume","spiral-zoom","572","0.449133","-0.177151","-0.048699","0.021438"
"1","vdb-volume","spiral-zoom","573","0.447175","-0.180008","-0.048528","0.021759"
"1","vdb-volume","spiral-zoom","574","0.445213","-0.182855","-0.048354","0.022078"
"1","vdb-volume","spiral-zoom","575","0.443247","-0.185692","-0.048179","0.022398"
"1","vdb-volume","spiral-zoom","576","0.441278","-0.18852","-0.048003","0.022716"
"1","vdb-volume","spiral-zoom","577","0.439306","-0.191337","-0.047824","0.023034"
"1","vdb-volume","spiral-zoom","578","0.437329","-0.194143","-0.047644","0.02335"
"1","vdb-volume","spiral-zoom","579","0.43535","-0.196939","-0.047461","0.023666"
"1","vdb-volume","spiral-zoom","580","0.433366","-0.199724","-0.047277","0.023981"
"1","vdb-volume","spiral-zoom","581","0.43138","-0.202497","-0.047092","0.024295"
"1","vdb-volume","spiral-zoom","582","0.429389","-0.205259","-0.046904","0.024608"
"1","vdb-volume","spiral-zoom","583","0.427395","-0.208009","-0.046715","0.02492"
"1","vdb-volume","spiral-zoom","584","0.425398","-0.210747","-0.046525","0.02523"
"1","vdb-volume","spiral-zoom","585","0.423397","-0.213473","-0.046332","0.02554"
"1","vdb-volume","spiral-zoom","586","0.421392","-0.216186","-0.046138","0.025848"
"1","vdb-volume","spiral-zoom","587","0.419384","-0.218886","-0.045943","0.026155"
"1","vdb-volume","spiral-zoom","588","0.417373","-0.221574","-0.045746","0.026461"
"1","vdb-volume","spiral-zoom","589","0.415358","-0.224248","-0.045547","0.026766"
"1","vdb-volume","spiral-zoom","590","0.41334","-0.226908","-0.045347","0.027069"
"1","vdb-volume","spiral-zoom","591","0.411318","-0.229555","-0.045145","0.02737"
"1","vdb-volume","spiral-zoom","592","0.409293","-0.232188","-0.044941","0.027671"
"1","vdb-volume","spiral-zoom","593","0.407264","-0.234808","-0.044737","0.02797"
"1","vdb-volume","spiral-zoom","594","0.405232","-0.237412","-0.04453","0.028267"
"1","vdb-volume","spiral-zoom","595","0.403197","-0.240001","-0.044323","0.028563"
"1","vdb-volume","spiral-zoom","596","0.401158","-0.242576","-0.044114","0.028857"
"1","vdb-volume","spiral-zoom","597","0.399116","-0.245135","-0.043903","0.02915"
"1","vdb-volume","spiral-zoom","598","0.397071","-0.247681","-0.043692","0.029441"
"1","vdb-volume","spiral-zoom","599","0.395022","-0.250209","-0.043479","0.02973"
"1","vdb-volume","spiral-zoom","600","0.392969","-0.252722","-0.043264","0.030018"
"1","vdb-volume","spiral-zoom","601","0.390914","-0.255219","-0.043049","0.030304"
"1","vdb-volume","spiral-zoom","602","0.388855","-0.2577","-0.042832","0.030588"
"1","vdb-volume","spiral-zoom","603","0.386793","-0.260164","-0.042614","0.03087"
"1","vdb-volume","spiral-zoom","604","0.384728","-0.262612","-0.042395","0.031151"
"1","vdb-volume","spiral-zoom","605","0.382659","-0.265042","-0.042174","0.03143"
"1","vdb-volume","spiral-zoom","606","0.380588","-0.267457","-0.041953","0.031707"
"1","vdb-volume","spiral-zoom","607","0.378513","-0.269853","-0.04173","0.031982"
"1","vdb-volume","spiral-zoom","608","0.376434","-0.272232","-0.041506","0.032255"
"1","vdb-volume","spiral-zoom","609","0.374353","-0.274593","-0.041281","0.032526"
"1","vdb-volume","spiral-zoom","610","0.372268","-0.276937","-0.041056","0.032796"
"1","vdb-volume","spiral-zoom","611","0.370181","-0.279262","-0.040829","0.033063"
"1","vdb-volume","spiral-zoom","612","0.36809","-0.281569","-0.040601","0.033328"
"1","vdb-volume","spiral-zoom","613","0.365996","-0.283858","-0.040372","0.033592"
"1","vdb-volume","spiral-zoom","614","0.363899","-0.286128","-0.040142","0.033853"
"1","vdb-volume","spiral-zoom","615","0.361799","-0.288379","-0.039912","0.034112"
"1","vdb-volume","spiral-zoom","616","0.359696","-0.290611","-0.03968","0.034369"
"1","vdb-volume","spiral-zoom","617","0.35759","-0.292822","-0.039448","0.034625"
"1","vdb-volume","spiral-zoom","618","0.35548","-0.295016","-0.039215","0.034878"
"1","vdb-volume","spiral-zoom","619","0.353368","-0.297189","-0.038981","0.035129"
"1","vdb-volume","spiral-zoom","620","0.351253","-0.299343","-0.038746","0.035377"
"1","vdb-volume","spiral-zoom","621","0.349136","-0.301476","-0.038511","0.035624"
"1","vdb-volume","spiral-zoom","622","0.347015","-0.30359","-0.038274","0.035869"
"1","vdb-volume","spiral-zoom","623","0.344891","-0.305683","-0.038037","0.036111"
"1","vdb-volume","spiral-zoom","624","0.342765","-0.307756","-0.0378","0.036351"
"1","vdb-volume","spiral-zoom","625","0.340635","-0.309807","-0.037561","0.036589"
"1","vdb-volume","spiral-zoom","626","0.338503","-0.311838","-0.037322","0.036825"
"1","vdb-volume","spiral-zoom","627","0.336368","-0.313848","-0.037083","0.037059"
"1","vdb-volume","spiral-zoom","628","0.334231","-0.315836","-0.036843","0.03729"
"1","vdb-volume","spiral-zoom","629","0.33209","-0.317804","-0.036602","0.037519"
"1","vdb-volume","spiral-zoom","630","0.329947","-0.319749","-0.03636","0.037746"
"1","vdb-volume","spiral-zoom","631","0.327801","-0.321673","-0.036119","0.037971"
"1","vdb-volume","spiral-zoom","632","0.325653","-0.323576","-0.035876","0.038194"
"1","vdb-volume","spiral-zoom","633","0.323502","-0.325455","-0.035633","0.038414"
"1","vdb-volume","spiral-zoom","634","0.321349","-0.327313","-0.03539","0.038632"
"1","vdb-volume","spiral-zoom","635","0.319193","-0.329148","-0.035146","0.038848"
"1","vdb-volume","spiral-zoom","636","0.317034","-0.330961","-0.034902","0.039062"
"1","vdb-volume","spiral-zoom","637","0.314873","-0.332752","-0.034657","0.039273"
"1","vdb-volume","spiral-zoom","638","0.31271","-0.334519","-0.034412","0.039482"
"1","vdb-volume","spiral-zoom","639","0.310544","-0.336264","-0.034167","0.039689"
"1","vdb-volume","spiral-zoom","640","0.308375","-0.337985","-0.033921","0.039893"
"1","vdb-volume","spiral-zoom","641","0.306205","-0.339684","-0.033675","0.040096"
"1","vdb-volume","spiral-zoom","642","0.304032","-0.341359","-0.033429","0.040296"
"1","vdb-volume","spiral-zoom","643","0.301857","-0.34301","-0.033182","0.040493"
"1","vdb-volume","spiral-zoom","644","0.299679","-0.344638","-0.032935","0.040689"
"1","vdb-volume","spiral-zoom","645","0.2975","-0.346242","-0.032687","0.040882"
"1","vdb-volume","spiral-zoom","646","0.295318","-0.347823","-0.03244","0.041073"
"1","vdb-volume","spiral-zoom","647","0.293134","-0.34938","-0.032192","0.041262"
"1","vdb-volume","spiral-zoom","648","0.290948","-0.350912","-0.031944","0.041448"
"1","vdb-volume","spiral-zoom","649","0.28876","-0.35242","-0.031696","0.041632"
"1","vdb-volume","spiral-zoom","650","0.28657","-0.353904","-0.031447","0.041814"
"1","vdb-volume","spiral-zoom","651","0.284378","-0.355363","-0.031198","0.041994"
"1","vdb-volume","spiral-zoom","652","0.282184","-0.356798","-0.03095","0.042171"
"1","vdb-volume","spiral-zoom","653","0.279987","-0.358209","-0.030701","0.042346"
"1","vdb-volume","spiral-zoom","654","0.27779","-0.359594","-0.030451","0.042519"
"1","vdb-volume","spiral-zoom","655","0.27559","-0.360955","-0.030202","0.04269"
"1","vdb-volume","spiral-zoom","656","0.273389","-0.362291","-0.029953","0.042859"
"1","vdb-volume","spiral-zoom","657","0.271186","-0.363601","-0.029703","0.043025"
"1","vdb-volume","spiral-zoom","658","0.268982","-0.364887","-0.029453","0.043189"
"1","vdb-volume","spiral-zoom","659","0.266775","-0.366147","-0.029203","0.043351"
"1","vdb-volume","spiral-zoom","660","0.264567","-0.367382","-0.028954","0.04351"
"1","vdb-volume","spiral-zoom","661","0.262357","-0.368592","-0.028704","0.043668"
"1","vdb-volume","spiral-zoom","662","0.260146","-0.369776","-0.028453","0.043823"
"1","vdb-volume","spiral-zoom","663","0.257934","-0.370934","-0.028203","0.043976"
"1","vdb-volume","spiral-zoom","664","0.25572","-0.372067","-0.027953","0.044127"
"1","vdb-volume","spiral-zoom","665","0.253505","-0.373175","-0.027703","0.044275"
"1","vdb-volume","spiral-zoom","666","0.251288","-0.374256","-0.027453","0.044422"
"1","vdb-volume","spiral-zoom","667","0.24907","-0.375312","-0.027202","0.044566"
"1","vdb-volume","spiral-zoom","668","0.246851","-0.376342","-0.026952","0.044708"
"1","vdb-volume","spiral-zoom","669","0.244631","-0.377345","-0.026702","0.044848"
"1","vdb-volume","spiral-zoom","670","0.242409","-0.378323","-0.026451","0.044986"
"1","vdb-volume","spiral-zoom","671","0.240187","-0.379274","-0.026201","0.045122"
"1","vdb-volume","spiral-zoom","672","0.237963","-0.3802","-0.02595","0.045255"
"1","vdb-volume","spiral-zoom","673","0.235739","-0.381098","-0.0257","0.045386"
"1","vdb-volume","spiral-zoom","674","0.233514","-0.381972","-0.025449","0.045516"
"1","vdb-volume","spiral-zoom","675","0.231287","-0.382819","-0.025199","0.045643"
"1","vdb-volume","spiral-zoom","676","0.22906","-0.383638","-0.024949","0.045768"
"1","vdb-volume","spiral-zoom","677","0.226832","-0.384432","-0.024698","0.045891"
"1","vdb-volume","spiral-zoom","678","0.224604","-0.3852","-0.024448","0.046011"
"1","vdb-volume","spiral-zoom","679","0.222375","-0.38594","-0.024197","0.04613"
"1","vdb-volume","spiral-zoom","680","0.220145","-0.386655","-0.023947","0.046247"
"1","vdb-volume","spiral-zoom","681","0.217914","-0.387343","-0.023697","0.046361"
"1","vdb-volume","spiral-zoom","682","0.215684","-0.388004","-0.023446","0.046474"
"1","vdb-volume","spiral-zoom","683","0.213453","-0.388638","-0.023196","0.046584"
"1","vdb-volume","spiral-zoom","684","0.211221","-0.389247","-0.022946","0.046692"
"1","vdb-volume","spiral-zoom","685","0.208989","-0.389828","-0.022695","0.046799"
"1","vdb-volume","spiral-zoom","686","0.206757","-0.390383","-0.022445","0.046903"
"1","vdb-volume","spiral-zoom","687","0.204524","-0.390911","-0.022195","0.047005"
"1","vdb-volume","spiral-zoom","688","0.202292","-0.391413","-0.021945","0.047105"
"1","vdb-volume","spiral-zoom","689","0.200059","-0.391888","-0.021695","0.047203"
"1","vdb-volume","spiral-zoom","690","0.197827","-0.392336","-0.021444","0.047299"
"1","vdb-volume","spiral-zoom","691","0.195594","-0.392757","-0.021194","0.047393"
"1","vdb-volume","spiral-zoom","692","0.193362","-0.393152","-0.020944","0.047485"
"1","vdb-volume","spiral-zoom","693","0.191129","-0.39352","-0.020694","0.047576"
"1","vdb-volume","spiral-zoom","694","0.188898","-0.393862","-0.020444","0.047664"
"1","vdb-volume","spiral-zoom","695","0.186666","-0.394177","-0.020194","0.04775"
"1","vdb-volume","spiral-zoom","696","0.184435","-0.394464","-0.019944","0.047834"
"1","vdb-volume","spiral-zoom","697","0.182204","-0.394726","-0.019694","0.047916"
"1","vdb-volume","spiral-zoom","698","0.179973","-0.39496","-0.019444","0.047996"
"1","vdb-volume","spiral-zoom","699","0.177744","-0.395169","-0.019194","0.048074"
"1","vdb-volume","spiral-zoom","700","0.175514","-0.39535","-0.018944","0.04815"
"1","vdb-volume","spiral-zoom","701","0.173286","-0.395506","-0.018694","0.048224"
"1","vdb-volume","spiral-zoom","702","0.171058","-0.395634","-0.018444","0.048296"
"1","vdb-volume","spiral-zoom","703","0.168832","-0.395737","-0.018194","0.048366"
"1","vdb-volume","spiral-zoom","704","0.166606","-0.395812","-0.017945","0.048435"
"1","vdb-volume","spiral-zoom","705","0.164381","-0.395861","-0.017695","0.048501"
"1","vdb-volume","spiral-zoom","706","0.162157","-0.395884","-0.017445","0.048565"
"1","vdb-volume","spiral-zoom","707","0.159934","-0.395881","-0.017195","0.048628"
"1","vdb-volume","spiral-zoom","708","0.157712","-0.395851","-0.016945","0.048688"
"1","vdb-volume","spiral-zoom","709","0.155492","-0.395795","-0.016695","0.048747"
"1","vdb-volume","spiral-zoom","710","0.153273","-0.395713","-0.016445","0.048803"
"1","vdb-volume","spiral-zoom","711","0.151055","-0.395604","-0.016195","0.048858"
"1","vdb-volume","spiral-zoom","712","0.148839","-0.39547","-0.015945","0.048911"
"1","vdb-volume","spiral-zoom","713","0.146625","-0.39531","-0.015695","0.048961"
"1","vdb-volume","spiral-zoom","714","0.144412","-0.395124","-0.015444","0.04901"
"1","vdb-volume","spiral-zoom","715","0.1422","-0.394912","-0.015194","0.049057"
"1","vdb-volume","spiral-zoom","716","0.139991","-0.394674","-0.014944","0.049102"
"1","vdb-volume","spiral-zoom","717","0.137783","-0.39441","-0.014694","0.049145"
"1","vdb-volume","spiral-zoom","718","0.135577","-0.39412","-0.014444","0.049186"
"1","vdb-volume","spiral-zoom","719","0.133374","-0.393806","-0.014193","0.049226"
"1","vdb-volume","spiral-zoom","720","0.131172","-0.393465","-0.013943","0.049263"
"1","vdb-volume","spiral-zoom","721","0.128973","-0.393099","-0.013692","0.049298"
"1","vdb-volume","spiral-zoom","722","0.126776","-0.392708","-0.013442","0.049332"
"1","vdb-volume","spiral-zoom","723","0.12458","-0.392291","-0.013191","0.049363"
"1","vdb-volume","spiral-zoom","724","0.122388","-0.39185","-0.01294","0.049393"
"1","vdb-volume","spiral-zoom","725","0.120198","-0.391383","-0.01269","0.049421"
"1","vdb-volume","spiral-zoom","726","0.11801","-0.390892","-0.012439","0.049447"
"1","vdb-volume","spiral-zoom","727","0.115825","-0.390375","-0.012188","0.04947"
"1","vdb-volume","spiral-zoom","728","0.113643","-0.389833","-0.011937","0.049492"
"1","vdb-volume","spiral-zoom","729","0.111464","-0.389267","-0.011686","0.049512"
"1","vdb-volume","spiral-zoom","730","0.109287","-0.388677","-0.011434","0.04953"
"1","vdb-volume","spiral-zoom","731","0.107114","-0.388062","-0.011183","0.049547"
"1","vdb-volume","spiral-zoom","732","0.104943","-0.387423","-0.010932","0.049561"
"1","vdb-volume","spiral-zoom","733","0.102776","-0.386759","-0.01068","0.049573"
"1","vdb-volume","spiral-zoom","734","0.100612","-0.386072","-0.010428","0.049584"
"1","vdb-volume","spiral-zoom","735","0.098451","-0.38536","-0.010177","0.049592"
"1","vdb-volume","spiral-zoom","736","0.096294","-0.384624","-0.009925","0.049599"
"1","vdb-volume","spiral-zoom","737","0.09414","-0.383865","-0.009673","0.049603"
"1","vdb-volume","spiral-zoom","738","0.091989","-0.383083","-0.00942","0.049606"
"1","vdb-volume","spiral-zoom","739","0.089842","-0.382276","-0.009168","0.049606"
"1","vdb-volume","spiral-zoom","740","0.087699","-0.381447","-0.008916","0.049605"
"1","vdb-volume","spiral-zoom","741","0.08556","-0.380594","-0.008663","0.049602"
"1","vdb-volume","spiral-zoom","742","0.083425","-0.379718","-0.00841","0.049597"
"1","vdb-volume","spiral-zoom","743","0.081293","-0.378819","-0.008158","0.04959"
"1","vdb-volume","spiral-zoom","744","0.079166","-0.377898","-0.007904","0.049581"
"1","vdb-volume","spiral-zoom","745","0.077043","-0.376954","-0.007651","0.04957"
"1","vdb-volume","spiral-zoom","746","0.074924","-0.375987","-0.007398","0.049557"
"1","vdb-volume","spiral-zoom","747","0.072809","-0.374998","-0.007145","0.049542"
"1","vdb-volume","spiral-zoom","748","0.070699","-0.373987","-0.006891","0.049525"
"1","vdb-volume","spiral-zoom","749","0.068594","-0.372954","-0.006637","0.049506"
"1","vdb-volume","spiral-zoom","750","0.066492","-0.371898","-0.006383","0.049485"
"1","vdb-volume","spiral-zoom","751","0.064396","-0.370822","-0.006129","0.049462"
"1","vdb-volume","spiral-zoom","752","0.062305","-0.369723","-0.005875","0.049437"
"1","vdb-volume","spiral-zoom","753","0.060218","-0.368604","-0.00562","0.04941"
"1","vdb-volume","spiral-zoom","754","0.058136","-0.367463","-0.005366","0.049381"
"1","vdb-volume","spiral-zoom","755","0.05606","-0.366301","-0.005111","0.04935"
"1","vdb-volume","spiral-zoom","756","0.053988","-0.365119","-0.004856","0.049317"
"1","vdb-volume","spiral-zoom","757","0.051922","-0.363915","-0.004601","0.049282"
"1","vdb-volume","spiral-zoom","758","0.049861","-0.362691","-0.004346","0.049245"
"1","vdb-volume","spiral-zoom","759","0.047806","-0.361447","-0.00409","0.049206"
"1","vdb-volume","spiral-zoom","760","0.045756","-0.360183","-0.003835","0.049165"
"1","vdb-volume","spiral-zoom","761","0.043711","-0.358899","-0.003579","0.049122"
"1","vdb-volume","spiral-zoom","762","0.041673","-0.357594","-0.003323","0.049076"
"1","vdb-volume","spiral-zoom","763","0.03964","-0.356271","-0.003067","0.049029"
"1","vdb-volume","spiral-zoom","764","0.037613","-0.354928","-0.002811","0.04898"
"1","vdb-volume","spiral-zoom","765","0.035592","-0.353565","-0.002555","0.048928"
"1","vdb-volume","spiral-zoom","766","0.033577","-0.352184","-0.002298","0.048875"
"1","vdb-volume","spiral-zoom","767","0.031568","-0.350784","-0.002042","0.048819"
"1","vdb-volume","spiral-zoom","768","0.029566","-0.349365","-0.001785","0.048762"
"1","vdb-volume","spiral-zoom","769","0.02757","-0.347928","-0.001528","0.048702"
"1","vdb-volume","spiral-zoom","770","0.025581","-0.346472","-0.001271","0.04864"
"1","vdb-volume","spiral-zoom","771","0.023597","-0.344999","-0.001014","0.048576"
"1","vdb-volume","spiral-zoom","772","0.021622","-0.343508","-0.000756","0.04851"
"1","vdb-volume","spiral-zoom","773","0.019652","-0.341999","-0.000499","0.048442"
"1","vdb-volume","spiral-zoom","774","0.017689","-0.340473","-0.000241","0.048371"
"1","vdb-volume","spiral-zoom","775","0.015734","-0.338929","0.000016","0.048299"
"1","vdb-volume","spiral-zoom","776","0.013785","-0.337369","0.000274","0.048224"
"1","vdb-volume","spiral-zoom","777","0.011844","-0.335793","0.000532","0.048148"
"1","vdb-volume","spiral-zoom","778","0.009909","-0.334199","0.00079","0.048069"
"1","vdb-volume","spiral-zoom","779","0.007982","-0.332589","0.001047","0.047988"
"1","vdb-volume","spiral-zoom","780","0.006063","-0.330963","0.001306","0.047904"
"1","vdb-volume","spiral-zoom","781","0.004151","-0.329322","0.001564","0.047819"
"1","vdb-volume","spiral-zoom","782","0.002247","-0.327665","0.001822","0.047732"
"1","vdb-volume","spiral-zoom","783","0.00035","-0.325992","0.00208","0.047642"
"1","vdb-volume","spiral-zoom","784","-0.001539","-0.324304","0.002338","0.04755"
"1","vdb-volume","spiral-zoom","785","-0.003419","-0.322601","0.002596","0.047456"
"1","vdb-volume","spiral-zoom","786","-0.005292","-0.320883","0.002855","0.04736"
"1","vdb-volume","spiral-zoom","787","-0.007157","-0.319152","0.003113","0.047261"
"1","vdb-volume","spiral-zoom","788","-0.009013","-0.317405","0.003371","0.047161"
"1","vdb-volume","spiral-zoom","789","-0.010861","-0.315646","0.003629","0.047058"
"1","vdb-volume","spiral-zoom","790","-0.012701","-0.313871","0.003887","0.046953"
"1","vdb-volume","spiral-zoom","791","-0.014532","-0.312084","0.004145","0.046846"
"1","vdb-volume","spiral-zoom","792","-0.016355","-0.310283","0.004403","0.046736"
"1","vdb-volume","spiral-zoom","793","-0.018169","-0.308469","0.004661","0.046625"
"1","vdb-volume","spiral-zoom","794","-0.019973","-0.306643","0.004919","0.046511"
"1","vdb-volume","spiral-zoom","795","-0.02177","-0.304804","0.005177","0.046395"
"1","vdb-volume","spiral-zoom","796","-0.023557","-0.302952","0.005434","0.046276"
"1","vdb-volume","spiral-zoom","797","-0.025335","-0.301089","0.005692","0.046156"
"1","vdb-volume","spiral-zoom","798","-0.027104","-0.299214","0.005949","0.046033"
"1","vdb-volume","spiral-zoom","799","-0.028863","-0.297327","0.006206","0.045908"
"1","vdb-volume","spiral-zoom","800","-0.030613","-0.295429","0.006463","0.045781"
"1","vdb-volume","spiral-zoom","801","-0.032354","-0.29352","0.00672","0.045652"
"1","vdb-volume","spiral-zoom","802","-0.034085","-0.2916","0.006976","0.045521"
"1","vdb-volume","spiral-zoom","803","-0.035806","-0.28967","0.007232","0.045387"
"1","vdb-volume","spiral-zoom","804","-0.037517","-0.287729","0.007488","0.045251"
"1","vdb-volume","spiral-zoom","805","-0.039219","-0.285779","0.007744","0.045113"
"1","vdb-volume","spiral-zoom","806","-0.04091","-0.283818","0.007999","0.044973"
"1","vdb-volume","spiral-zoom","807","-0.042592","-0.281848","0.008254","0.04483"
"1","vdb-volume","spiral-zoom","808","-0.044263","-0.279869","0.008509","0.044685"
"1","vdb-volume","spiral-zoom","809","-0.045924","-0.277881","0.008763","0.044538"
"1","vdb-volume","spiral-zoom","810","-0.047575","-0.275884","0.009017","0.044389"
"1","vdb-volume","spiral-zoom","811","-0.049215","-0.273879","0.00927","0.044238"
"1","vdb-volume","spiral-zoom","812","-0.050844","-0.271865","0.012194","0.039573"
"1","vdb-volume","spiral-zoom","813","-0.052463","-0.269844","0.012464","0.03938"
"1","vdb-volume","spiral-zoom","814","-0.054071","-0.267815","0.012734","0.039184"
"1","vdb-volume","spiral-zoom","815","-0.055668","-0.265779","0.013003","0.038986"
"1","vdb-volume","spiral-zoom","816","-0.057255","-0.263736","0.013271","0.038785"
"1","vdb-volume","spiral-zoom","817","-0.05883","-0.261686","0.013539","0.038583"
"1","vdb-volume","spiral-zoom","818","-0.060394","-0.259628","0.013805","0.038377"
"1","vdb-volume","spiral-zoom","819","-0.061946","-0.257566","0.014071","0.03817"
"1","vdb-volume","spiral-zoom","820","-0.063488","-0.255496","0.014335","0.03796"
"1","vdb-volume","spiral-zoom","821","-0.065018","-0.253421","0.014599","0.037748"
"1","vdb-volume","spiral-zoom","822","-0.066536","-0.251342","0.014861","0.037533"
"1","vdb-volume","spiral-zoom","823","-0.068043","-0.249256","0.015123","0.037317"
"1","vdb-volume","spiral-zoom","824","-0.069538","-0.247165","0.015383","0.037098"
"1","vdb-volume","spiral-zoom","825","-0.071021","-0.24507","0.015642","0.036877"
"1","vdb-volume","spiral-zoom","826","-0.072492","-0.242971","0.0159","0.036654"
"1","vdb-volume","spiral-zoom","827","-0.073952","-0.240867","0.016157","0.036429"
"1","vdb-volume","spiral-zoom","828","-0.075399","-0.238759","0.016413","0.036202"
"1","vdb-volume","spiral-zoom","829","-0.076834","-0.236648","0.016667","0.035972"
"1","vdb-volume","spiral-zoom","830","-0.078257","-0.234534","0.016921","0.035741"
"1","vdb-volume","spiral-zoom","831","-0.079666","-0.232417","0.017172","0.035508"
"1","vdb-volume","spiral-zoom","832","-0.081065","-0.230297","0.017423","0.035273"
"1","vdb-volume","spiral-zoom","833","-0.08245","-0.228174","0.017672","0.035036"
"1","vdb-volume","spiral-zoom","834","-0.083822","-0.226049","0.017919","0.034797"
"1","vdb-volume","spiral-zoom","835","-0.085182","-0.223923","0.018165","0.034556"
"1","vdb-volume","spiral-zoom","836","-0.086529","-0.221794","0.01841","0.034313"
"1","vdb-volume","spiral-zoom","837","-0.087863","-0.219665","0.018653","0.034069"
"1","vdb-volume","spiral-zoom","838","-0.089184","-0.217534","0.018894","0.033823"
"1","vdb-volume","spiral-zoom","839","-0.090492","-0.215402","0.019134","0.033575"
"1","vdb-volume","spiral-zoom","840","-0.091787","-0.21327","0.019372","0.033326"
"1","vdb-volume","spiral-zoom","841","-0.093068","-0.211138","0.019609","0.033075"
"1","vdb-volume","spiral-zoom","842","-0.094336","-0.209006","0.019844","0.032822"
"1","vdb-volume","spiral-zoom","843","-0.095591","-0.206873","0.020077","0.032568"
"1","vdb-volume","spiral-zoom","844","-0.096832","-0.204742","0.020308","0.032313"
"1","vdb-volume","spiral-zoom","845","-0.098059","-0.202611","0.020537","0.032056"
"1","vdb-volume","spiral-zoom","846","-0.099273","-0.200481","0.020765","0.031797"
"1","vdb-volume","spiral-zoom","847","-0.100473","-0.198353","0.02099","0.031537"
"1","vdb-volume","spiral-zoom","848","-0.101659","-0.196227","0.021214","0.031276"
"1","vdb-volume","spiral-zoom","849","-0.102831","-0.194102","0.021436","0.031014"
"1","vdb-volume","spiral-zoom","850","-0.103989","-0.19198","0.021656","0.030751"
"1","vdb-volume","spiral-zoom","851","-0.105133","-0.18986","0.021873","0.030486"
"1","vdb-volume","spiral-zoom","852","-0.106263","-0.187743","0.022089","0.030221"
"1","vdb-volume","spiral-zoom","853","-0.107378","-0.185629","0.022303","0.029954"
"1","vdb-volume","spiral-zoom","854","-0.108479","-0.183518","0.022514","0.029686"
"1","vdb-volume","spiral-zoom","855","-0.109565","-0.18141","0.022723","0.029418"
"1","vdb-volume","spiral-zoom","856","-0.110637","-0.179307","0.022931","0.029148"
"1","vdb-volume","spiral-zoom","857","-0.111695","-0.177207","0.023136","0.028878"
"1","vdb-volume","spiral-zoom","858","-0.112738","-0.175112","0.023338","0.028607"
"1","vdb-volume","spiral-zoom","859","-0.113765","-0.173022","0.023539","0.028335"
"1","vdb-volume","spiral-zoom","860","-0.114778","-0.170937","0.023737","0.028063"
"1","vdb-volume","spiral-zoom","861","-0.115776","-0.168856","0.023933","0.02779"
"1","vdb-volume","spiral-zoom","862","-0.116759","-0.166781","0.024126","0.027516"
"1","vdb-volume","spiral-zoom","863","-0.117727","-0.164712","0.024317","0.027242"
"1","vdb-volume","spiral-zoom","864","-0.11868","-0.162648","0.024506","0.026967"
"1","vdb-volume","spiral-zoom","865","-0.119618","-0.160591","0.024692","0.026692"
"1","vdb-volume","spiral-zoom","866","-0.12054","-0.15854","0.024876","0.026417"
"1","vdb-volume","spiral-zoom","867","-0.121447","-0.156497","0.025058","0.026141"
"1","vdb-volume","spiral-zoom","868","-0.122339","-0.154459","0.025236","0.025865"
"1","vdb-volume","spiral-zoom","869","-0.123215","-0.15243","0.025413","0.025589"
"1","vdb-volume","spiral-zoom","870","-0.124075","-0.150408","0.025587","0.025313"
"1","vdb-volume","spiral-zoom","871","-0.12492","-0.148393","0.025758","0.025037"
"1","vdb-volume","spiral-zoom","872","-0.125749","-0.146386","0.025927","0.024761"
"1","vdb-volume","spiral-zoom","873","-0.126562","-0.144388","0.026093","0.024485"
"1","vdb-volume","spiral-zoom","874","-0.12736","-0.142398","0.026256","0.024209"
"1","vdb-volume","spiral-zoom","875","-0.128141","-0.140417","0.026417","0.023933"
"1","vdb-volume","spiral-zoom","876","-0.128907","-0.138445","0.026575","0.023657"
"1","vdb-volume","spiral-zoom","877","-0.129656","-0.136482","0.026731","0.023382"
"1","vdb-volume","spiral-zoom","878","-0.13039","-0.134528","0.026884","0.023107"
"1","vdb-volume","spiral-zoom","879","-0.131107","-0.132584","0.027034","0.022832"
"1","vdb-volume","spiral-zoom","880","-0.131808","-0.130651","0.027182","0.022558"
"1","vdb-volume","spiral-zoom","881","-0.132493","-0.128727","0.027326","0.022284"
"1","vdb-volume","spiral-zoom","882","-0.133161","-0.126814","0.027468","0.022011"
"1","vdb-volume","spiral-zoom","883","-0.133813","-0.124911","0.027608","0.021738"
"1","vdb-volume","spiral-zoom","884","-0.134449","-0.12302","0.027744","0.021466"
"1","vdb-volume","spiral-zoom","885","-0.135068","-0.121139","0.027878","0.021195"
"1","vdb-volume","spiral-zoom","886","-0.135671","-0.11927","0.028009","0.020925"
"1","vdb-volume","spiral-zoom","887","-0.136257","-0.117412","0.028137","0.020655"
"1","vdb-volume","spiral-zoom","888","-0.136826","-0.115566","0.028263","0.020387"
"1","vdb-volume","spiral-zoom","889","-0.137379","-0.113733","0.028385","0.020119"
"1","vdb-volume","spiral-zoom","890","-0.137914","-0.111911","0.028505","0.019852"
"1","vdb-volume","spiral-zoom","891","-0.138433","-0.110102","0.028622","0.019586"
"1","vdb-volume","spiral-zoom","892","-0.138935","-0.108305","0.028736","0.019322"
"1","vdb-volume","spiral-zoom","893","-0.13942","-0.106522","0.028847","0.019058"
"1","vdb-volume","spiral-zoom","894","-0.139888","-0.104751","0.028956","0.018796"
"1","vdb-volume","spiral-zoom","895","-0.14034","-0.102994","0.029061","0.018535"
"1","vdb-volume","spiral-zoom","896","-0.140774","-0.101251","0.029164","0.018275"
"1","vdb-volume","spiral-zoom","897","-0.141191","-0.099521","0.029264","0.018016"
"1","vdb-volume","spiral-zoom","898","-0.141591","-0.097805","0.029361","0.017759"
"1","vdb-volume","spiral-zoom","899","-0.141973","-0.096103","0.029455","0.017503"
"1","vdb-volume","spiral-zoom","900","-0.142339","-0.094416","0.029546","0.017249"
"1","vdb-volume","spiral-zoom","901","-0.142688","-0.092743","0.029635","0.016996"
"1","vdb-volume","spiral-zoom","902","-0.143018","-0.091084","0.02972","0.016745"
"1","vdb-volume","spiral-zoom","903","-0.143332","-0.089441","0.029803","0.016495"
"1","vdb-volume","spiral-zoom","904","-0.143628","-0.087813","0.029883","0.016247"
"1","vdb-volume","spiral-zoom","905","-0.143907","-0.0862","0.02996","0.016001"
"1","vdb-volume","spiral-zoom","906","-0.144168","-0.084603","0.030034","0.015756"
"1","vdb-volume","spiral-zoom","907","-0.144413","-0.083021","0.030105","0.015514"
"1","vdb-volume","spiral-zoom","908","-0.144639","-0.081455","0.030174","0.015272"
"1","vdb-volume","spiral-zoom","909","-0.144849","-0.079905","0.030239","0.015033"
"1","vdb-volume","spiral-zoom","910","-0.145039","-0.078372","0.030302","0.014796"
"1","vdb-volume","spiral-zoom","911","-0.145214","-0.076854","0.030361","0.014561"
"1","vdb-volume","spiral-zoom","912","-0.14537","-0.075353","0.030418","0.014327"
"1","vdb-volume","spiral-zoom","913","-0.145508","-0.073869","0.030472","0.014096"
"1","vdb-volume","spiral-zoom","914","-0.145629","-0.072402","0.030524","0.013866"
"1","vdb-volume","spiral-zoom","915","-0.145733","-0.070952","0.030572","0.013639"
"1","vdb-volume","spiral-zoom","916","-0.145819","-0.069519","0.030617","0.013414"
"1","vdb-volume","spiral-zoom","917","-0.145887","-0.068103","0.03066","0.013191"
"1","vdb-volume","spiral-zoom","918","-0.145937","-0.066705","0.0307","0.01297"
"1","vdb-volume","spiral-zoom","919","-0.14597","-0.065324","0.030737","0.012751"
"1","vdb-volume","spiral-zoom","920","-0.145984","-0.063961","0.030771","0.012535"
"1","vdb-volume","spiral-zoom","921","-0.145982","-0.062616","0.030802","0.01232"
"1","vdb-volume","spiral-zoom","922","-0.145961","-0.061289","0.030831","0.012108"
"1","vdb-volume","spiral-zoom","923","-0.145922","-0.05998","0.030856","0.011899"
"1","vdb-volume","spiral-zoom","924","-0.145866","-0.05869","0.030879","0.011692"
"1","vdb-volume","spiral-zoom","925","-0.145792","-0.057418","0.030899","0.011487"
"1","vdb-volume","spiral-zoom","926","-0.1457","-0.056164","0.030916","0.011284"
"1","vdb-volume","spiral-zoom","927","-0.145591","-0.05493","0.03093","0.011084"
"1","vdb-volume","spiral-zoom","928","-0.145463","-0.053713","0.030942","0.010886"
"1","vdb-volume","spiral-zoom","929","-0.145318","-0.052516","0.030951","0.010691"
"1","vdb-volume","spiral-zoom","930","-0.145155","-0.051339","0.030957","0.010499"
"1","vdb-volume","spiral-zoom","931","-0.144974","-0.05018","0.03096","0.010309"
"1","vdb-volume","spiral-zoom","932","-0.144775","-0.04904","0.03096","0.010121"
"1","vdb-volume","spiral-zoom","933","-0.144559","-0.04792","0.030958","0.009936"
"1","vdb-volume","spiral-zoom","934","-0.144324","-0.046819","0.030952","0.009754"
"1","vdb-volume","spiral-zoom","935","-0.144072","-0.045738","0.030944","0.009574"
"1","vdb-volume","spiral-zoom","936","-0.143803","-0.044676","0.030933","0.009397"
"1","vdb-volume","spiral-zoom","937","-0.143515","-0.043634","0.03092","0.009223"
"1","vdb-volume","spiral-zoom","938","-0.143209","-0.042612","0.030903","0.009051"
"1","vdb-volume","spiral-zoom","939","-0.142887","-0.04161","0.030884","0.008882"
"1","vdb-volume","spiral-zoom","940","-0.142546","-0.040628","0.030862","0.008715"
"1","vdb-volume","spiral-zoom","941","-0.142187","-0.039666","0.030837","0.008552"
"1","vdb-volume","spiral-zoom","942","-0.14181","-0.038724","0.03081","0.008391"
"1","vdb-volume","spiral-zoom","943","-0.141416","-0.037802","0.03078","0.008233"
"1","vdb-volume","spiral-zoom","944","-0.141005","-0.036901","0.030747","0.008078"
"1","vdb-volume","spiral-zoom","945","-0.140575","-0.036019","0.030711","0.007925"
"1","vdb-volume","spiral-zoom","946","-0.140129","-0.035159","0.030672","0.007775"
"1","vdb-volume","spiral-zoom","947","-0.139665","-0.034318","0.030631","0.007629"
"1","vdb-volume","spiral-zoom","948","-0.139182","-0.033498","0.030586","0.007485"
"1","vdb-volume","spiral-zoom","949","-0.138683","-0.032699","0.03054","0.007343"
"1","vdb-volume","spiral-zoom","950","-0.138166","-0.03192","0.03049","0.007205"
"1","vdb-volume","spiral-zoom","951","-0.137632","-0.031162","0.030437","0.00707"
"1","vdb-volume","spiral-zoom","952","-0.13708","-0.030425","0.030382","0.006937"
"1","vdb-volume","spiral-zoom","953","-0.13651","-0.029707","0.030324","0.006808"
"1","vdb-volume","spiral-zoom","954","-0.135923","-0.029011","0.030263","0.006681"
"1","vdb-volume","spiral-zoom","955","-0.135319","-0.028336","0.0302","0.006557"
"1","vdb-volume","spiral-zoom","956","-0.134698","-0.027681","0.030133","0.006437"
"1","vdb-volume","spiral-zoom","957","-0.134059","-0.027047","0.030064","0.006319"
"1","vdb-volume","spiral-zoom","958","-0.133403","-0.026434","0.029992","0.006204"
"1","vdb-volume","spiral-zoom","959","-0.132731","-0.025841","0.029917","0.006092"
"1","vdb-volume","spiral-zoom","960","-0.132041","-0.025269","0.029839","0.005983"
"1","vdb-volume","spiral-zoom","961","-0.131333","-0.024719","0.029759","0.005877"
"1","vdb-volume","spiral-zoom","962","-0.130609","-0.024188","0.029676","0.005774"
"1","vdb-volume","spiral-zoom","963","-0.129869","-0.023679","0.02959","0.005674"
"1","vdb-volume","spiral-zoom","964","-0.12911","-0.02319","0.029501","0.005577"
"1","vdb-volume","spiral-zoom","965","-0.128336","-0.022722","0.029409","0.005483"
"1","vdb-volume","spiral-zoom","966","-0.127544","-0.022275","0.029314","0.005392"
"1","vdb-volume","spiral-zoom","967","-0.126736","-0.021849","0.029217","0.005305"
"1","vdb-volume","spiral-zoom","968","-0.125911","-0.021443","0.029117","0.00522"
"1","vdb-volume","spiral-zoom","969","-0.125068","-0.021057","0.029014","0.005138"
"1","vdb-volume","spiral-zoom","970","-0.124211","-0.020693","0.028908","0.005059"
"1","vdb-volume","spiral-zoom","971","-0.123336","-0.020349","0.028799","0.004983"
"1","vdb-volume","spiral-zoom","972","-0.122445","-0.020025","0.028687","0.004911"
"1","vdb-volume","spiral-zoom","973","-0.121537","-0.019722","0.028572","0.004841"
"1","vdb-volume","spiral-zoom","974","-0.120613","-0.019439","0.028455","0.004775"
"1","vdb-volume","spiral-zoom","975","-0.119673","-0.019177","0.028334","0.004711"
"1","vdb-volume","spiral-zoom","976","-0.118717","-0.018935","0.028211","0.004651"
"1","vdb-volume","spiral-zoom","977","-0.117744","-0.018713","0.028084","0.004593"
"1","vdb-volume","spiral-zoom","978","-0.116756","-0.018511","0.027955","0.004539"
"1","vdb-volume","spiral-zoom","979","-0.115752","-0.018329","0.027823","0.004488"
"1","vdb-volume","spiral-zoom","980","-0.114732","-0.018168","0.027688","0.00444"
"1","vdb-volume","spiral-zoom","981","-0.113696","-0.018026","0.027549","0.004394"
"1","vdb-volume","spiral-zoom","982","-0.112645","-0.017904","0.027408","0.004352"
"1","vdb-volume","spiral-zoom","983","-0.111578","-0.017802","0.027264","0.004313"
"1","vdb-volume","spiral-zoom","984","-0.110495","-0.017719","0.027117","0.004278"
"1","vdb-volume","spiral-zoom","985","-0.109397","-0.017656","0.026967","0.004245"
"1","vdb-volume","spiral-zoom","986","-0.108284","-0.017613","0.026813","0.004215"
"1","vdb-volume","spiral-zoom","987","-0.107155","-0.017589","0.026657","0.004188"
"1","vdb-volume","spiral-zoom","988","-0.106011","-0.017584","0.026497","0.004164"
"1","vdb-volume","spiral-zoom","989","-0.104852","-0.017598","0.026335","0.004144"
"1","vdb-volume","spiral-zoom","990","-0.103678","-0.017632","0.026169","0.004126"
"1","vdb-volume","spiral-zoom","991","-0.10249","-0.017684","0.026001","0.004112"
"1","vdb-volume","spiral-zoom","992","-0.101286","-0.017755","0.025829","0.0041"
"1","vdb-volume","spiral-zoom","993","-0.100068","-0.017845","0.025654","0.004092"
"1","vdb-volume","spiral-zoom","994","-0.098836","-0.017953","0.025476","0.004086"
"1","vdb-volume","spiral-zoom","995","-0.097589","-0.01808","0.025295","0.004084"
"1","vdb-volume","spiral-zoom","996","-0.096327","-0.018224","0.025111","0.004084"
"1","vdb-volume","spiral-zoom","997","-0.095052","-0.018388","0.024923","0.004088"
"1","vdb-volume","spiral-zoom","998","-0.093762","-0.018569","0.024732","0.004094"
"1","vdb-volume","spiral-zoom","999","-0.092458","-0.018767","0.024538","0.004104"
"1","vdb-volume","spiral-zoom","1000","-0.09114","-0.018983","0.024341","0.004116"
